date,classification,net_score,bull_score,bear_score,n_bull_patterns,n_bear_patterns,paksha,tithi_num,tithi_quality,nak_mo_name,yoga_name,yoga_quality,karana,vara_lord,dig_Ju,dig_Sa,dig_Mo,retro_Me,comb_Mo,gajakesari,sade_sati,mahadasha,active_bull_patterns,active_bear_patterns
2026-06-22,WATCH_BULL,-0.6405,0.6993,1.3397,7,6,SHUKLA,9,Rikta,Hasta,Variyan,auspicious,Balava,Mo,exact_exalt,neutral,friendly,0,0,0,1,Su,paksha|dig_Sa|hora_at_open=SHUKLA||neutral||Ma|asp5_Ra_Su|asp7_Ve_lord=1||Sa|asp5_Ra_Su|asp_Ve_dom_Ma=1||0,dig_Sa|dig_Ma|sade_sati_phase=neutral||neutral||rising|dig_Ma|sade_sati_phase=neutral||rising|dig_Sa=neutral
2026-06-23,WATCH_BULL,-1.0257,0.2491,1.2748,2,5,SHUKLA,10,Purna,Chitra,Parigha,inauspicious,Taitila,Ma,exact_exalt,neutral,friendly,0,0,0,1,Su,asp5_Ra_Su|asp7_Ve_lord=1||Sa|asp5_Ra_Su|asp_Ve_dom_Ma=1||0,dig_Sa|dig_Ma|sade_sati_phase=neutral||neutral||rising|dig_Ma|sade_sati_phase=neutral||rising|dig_Sa=neutral
2026-06-24,WATCH_BULL,-2.0681,0.345,2.4131,4,10,SHUKLA,10,Purna,Swati,Shiva,auspicious,Garija,Me,exact_exalt,neutral,neutral,0,0,1,1,Su,dig_Mo|dig_Ve|dig_Me=neutral||enemy||enemy|asp5_Ra_Su|asp7_Ve_lord=1||Sa|asp5_Ra_Su|asp_Ve_dom_Ma=1||0,dig_Sa|dig_Ma|sade_sati_phase=neutral||neutral||rising|dig_Ma|sade_sati_phase=neutral||rising|dig_Sa|dig_Mo=neutral||neutral
2026-06-25,WATCH_BULL,-1.8216,0.345,2.1666,4,9,SHUKLA,11,Nanda,Vishakha,Siddha,auspicious,Vishti,Ju,exact_exalt,neutral,neutral,0,0,1,1,Su,dig_Mo|dig_Ve|dig_Me=neutral||enemy||enemy|asp5_Ra_Su|asp7_Ve_lord=1||Sa|asp5_Ra_Su|asp_Ve_dom_Ma=1||0,dig_Sa|dig_Ma|sade_sati_phase=neutral||neutral||rising|dig_Ma|sade_sati_phase=neutral||rising|dig_Sa|dig_Mo=neutral||neutral
2026-06-29,WATCH_BULL,-0.8564,0.8466,1.7029,10,7,SHUKLA,15,Purna,Mula,Brahma,auspicious,Bava,Mo,exact_exalt,neutral,neutral,0,0,0,1,Su,dig_Mo|dig_Ve|dig_Me=neutral||enemy||enemy|dig_Sa|elem_Mo=neutral||F|paksha|dig_Sa|hora_at_open=SHUKLA||neutral||Ma,dig_Sa|dig_Ma|sade_sati_phase=neutral||neutral||rising|dig_Ma|sade_sati_phase=neutral||rising|dig_Sa|dig_Mo=neutral||neutral
2026-06-30,WATCH_BULL,-1.0953,0.5122,1.6075,8,6,KRISHNA,16,Nanda,PurvaAshadha,Indra,auspicious,Balava,Ma,exact_exalt,neutral,neutral,1,0,0,1,Su,dig_Mo|dig_Ve|dig_Me=neutral||enemy||enemy|nak_mo_qual|dig_Ve|dig_Me=Ugra||enemy||enemy|paksha|dig_Mo|dig_Ma=KRISHNA||neutral||neutral,dig_Sa|dig_Ma|sade_sati_phase=neutral||neutral||rising|dig_Ma|sade_sati_phase=neutral||rising|dig_Sa|dig_Mo=neutral||neutral
2026-07-01,WATCH_BULL,-1.4956,0.3438,1.8394,4,7,KRISHNA,17,Bhadra,UttaraAshadha,Vaidhriti,inauspicious,Taitila,Me,exalted,neutral,neutral,1,0,1,1,Su,dig_Mo|dig_Ve|dig_Me=neutral||enemy||enemy|paksha|dig_Mo|dig_Ma=KRISHNA||neutral||neutral|asp5_Ra_Su|asp7_Ve_lord=1||Sa,dig_Sa|dig_Ma|sade_sati_phase=neutral||neutral||rising|dig_Ma|sade_sati_phase=neutral||rising|dig_Sa|dig_Mo=neutral||neutral
2026-07-02,WATCH_BULL,-1.4956,0.3438,1.8394,4,7,KRISHNA,18,Jaya,Shravana,Vishkambha,inauspicious,Vanija,Ju,exalted,neutral,neutral,1,0,1,1,Su,dig_Mo|dig_Ve|dig_Me=neutral||enemy||enemy|paksha|dig_Mo|dig_Ma=KRISHNA||neutral||neutral|asp5_Ra_Su|asp7_Ve_lord=1||Sa,dig_Sa|dig_Ma|sade_sati_phase=neutral||neutral||rising|dig_Ma|sade_sati_phase=neutral||rising|dig_Sa|dig_Mo=neutral||neutral
2026-07-03,WATCH_BULL,-1.2637,0.3438,1.6075,4,6,KRISHNA,19,Rikta,Dhanishtha,Priti,auspicious,Bava,Ve,exalted,neutral,neutral,1,0,1,1,Su,dig_Mo|dig_Ve|dig_Me=neutral||enemy||enemy|paksha|dig_Mo|dig_Ma=KRISHNA||neutral||neutral|asp5_Ra_Su|asp7_Ve_lord=1||Sa,dig_Sa|dig_Ma|sade_sati_phase=neutral||neutral||rising|dig_Ma|sade_sati_phase=neutral||rising|dig_Sa|dig_Mo=neutral||neutral
2026-07-06,WATCH_BULL,-0.7584,0.6026,1.361,8,5,KRISHNA,22,Bhadra,UttaraBhadrapada,Shobhana,auspicious,Vishti,Mo,exalted,neutral,neutral,1,0,0,1,Su,dig_Mo|dig_Ve|dig_Me=neutral||enemy||enemy|paksha|dig_Mo|dig_Ma=KRISHNA||neutral||neutral|asp5_Ra_Su|asp7_Ve_lord=1||Sa,dig_Sa|dig_Ma|sade_sati_phase=neutral||neutral||rising|dig_Ma|sade_sati_phase=neutral||rising|dig_Sa|dig_Mo=neutral||neutral
2026-07-07,WATCH_BULL,-1.25,0.2926,1.5426,4,5,KRISHNA,23,Jaya,Revati,Atiganda,inauspicious,Balava,Ma,exalted,neutral,neutral,1,0,0,1,Su,dig_Ma|dig_Me=neutral||own|paksha|dig_Mo|dig_Ma=KRISHNA||neutral||neutral|asp5_Ra_Su|asp7_Ve_lord=1||Sa,dig_Sa|dig_Ma|sade_sati_phase=neutral||neutral||rising|dig_Ma|sade_sati_phase=neutral||rising|dig_Sa|dig_Mo=neutral||neutral
2026-07-08,WATCH_BULL,-1.5587,0.3456,1.9043,5,8,KRISHNA,24,Rikta,Ashwini,Sukarma,auspicious,Taitila,Me,exalted,neutral,neutral,1,0,1,1,Su,dig_Ma|dig_Me=neutral||own|paksha|dig_Mo|dig_Ma=KRISHNA||neutral||neutral|dig_Sa|elem_Mo=neutral||F,dig_Sa|dig_Ma|sade_sati_phase=neutral||neutral||rising|dig_Ma|sade_sati_phase=neutral||rising|dig_Sa|dig_Mo=neutral||neutral
2026-07-09,WATCH_BULL,-1.518,0.3863,1.9043,6,8,KRISHNA,25,Purna,Bharani,Dhriti,auspicious,Vanija,Ju,exalted,neutral,neutral,1,0,1,1,Su,dig_Ma|dig_Me=neutral||own|paksha|dig_Mo|dig_Ma=KRISHNA||neutral||neutral|dig_Sa|elem_Mo=neutral||F,dig_Sa|dig_Ma|sade_sati_phase=neutral||neutral||rising|dig_Ma|sade_sati_phase=neutral||rising|dig_Sa|dig_Mo=neutral||neutral
2026-07-10,WATCH_BULL,-1.197,0.3456,1.5426,5,5,KRISHNA,26,Nanda,Krittika,Shoola,inauspicious,Bava,Ve,exalted,neutral,neutral,1,0,1,1,Su,dig_Ma|dig_Me=neutral||own|paksha|dig_Mo|dig_Ma=KRISHNA||neutral||neutral|dig_Sa|elem_Mo=neutral||F,dig_Sa|dig_Ma|sade_sati_phase=neutral||neutral||rising|dig_Ma|sade_sati_phase=neutral||rising|dig_Sa|dig_Mo=neutral||neutral
2026-07-13,WATCH_BULL,-1.0583,0.5891,1.6473,8,5,KRISHNA,29,Rikta,Ardra,Vyaghata,inauspicious,Shakuni,Mo,exalted,neutral,friendly,1,0,0,1,Su,dig_Ma|dig_Me=neutral||own|asp5_Ra_Su|asp7_Ve_lord=1||Sa|asp5_Ra_Su|asp_Ve_dom_Ma=1||0,dig_Sa|dig_Ma|sade_sati_phase=neutral||neutral||rising|dig_Ma|sade_sati_phase=neutral||rising|dig_Sa=neutral
2026-07-14,WATCH_BULL,-1.7893,0.2648,2.0541,3,8,SHUKLA,1,Nanda,Punarvasu,Harshana,auspicious,Kimstughna,Ma,exalted,neutral,friendly,1,1,0,1,Su,dig_Ma|dig_Me=neutral||own|asp5_Ra_Su|asp7_Ve_lord=1||Sa|asp5_Ra_Su|asp_Ve_dom_Ma=1||0,dig_Sa|dig_Ma|sade_sati_phase=neutral||neutral||rising|dig_Ma|sade_sati_phase=neutral||rising|dig_Sa=neutral
2026-07-15,WATCH_BULL,-1.5813,0.2648,1.8461,3,7,SHUKLA,2,Bhadra,Pushya,Vajra,inauspicious,Balava,Me,exalted,neutral,own,1,0,1,1,Su,dig_Ma|dig_Me=neutral||own|asp5_Ra_Su|asp7_Ve_lord=1||Sa|asp5_Ra_Su|asp_Ve_dom_Ma=1||0,dig_Sa|dig_Ma|sade_sati_phase=neutral||neutral||rising|dig_Ma|sade_sati_phase=neutral||rising|dig_Sa=neutral
2026-07-16,WATCH_BULL,-1.5807,0.3303,1.911,4,8,SHUKLA,3,Jaya,Ashlesha,Siddhi,auspicious,Taitila,Ju,exalted,neutral,own,1,0,1,1,Su,dig_Ma|dig_Me=neutral||own|asp5_Ra_Su|asp7_Ve_lord=1||Sa|asp5_Ra_Su|asp_Ve_dom_Ma=1||0,dig_Sa|dig_Ma|sade_sati_phase=neutral||neutral||rising|dig_Ma|sade_sati_phase=neutral||rising|dig_Sa=neutral
2026-07-17,WATCH_BULL,-1.3421,0.2337,1.5758,5,6,SHUKLA,4,Rikta,Magha,Vyatipata,inauspicious,Vanija,Ve,exalted,neutral,friendly,1,0,0,1,Su,dig_Ma|dig_Me=neutral||own|dig_Sa|elem_Mo=neutral||F|asp7_Ra_Mo|asp9_Ra_Su=1||0,dig_Sa|dig_Ma|sade_sati_phase=neutral||neutral||rising|dig_Ma|sade_sati_phase=neutral||rising|dig_Sa=neutral
2026-07-20,WATCH_BULL,-1.1749,0.4658,1.6407,6,7,SHUKLA,7,Bhadra,Hasta,Shiva,auspicious,Vanija,Mo,exalted,neutral,friendly,1,0,0,1,Su,dig_Ma|dig_Me=neutral||own|paksha|dig_Sa|hora_at_open=SHUKLA||neutral||Ma|vara_lord|dig_Sa|hora_at_open=Mo||neutral||Ma,dig_Sa|dig_Ma|sade_sati_phase=neutral||neutral||rising|dig_Ma|sade_sati_phase=neutral||rising|dig_Sa=neutral
2026-07-21,WATCH_BULL,-2.301,0.1163,2.4173,3,9,SHUKLA,8,Jaya,Chitra,Siddha,auspicious,Bava,Ma,exalted,neutral,neutral,1,0,1,1,Su,dig_Ma|dig_Me=neutral||own|asp7_Ve_Ra|asp7_Mo_lord=1||Ma|asp7_Ra_Ve|asp7_Mo_lord=1||Ma,dig_Sa|dig_Ma|sade_sati_phase=neutral||neutral||rising|dig_Ma|sade_sati_phase=neutral||rising|dig_Sa|dig_Mo=neutral||neutral
2026-07-22,WATCH_BULL,-2.4257,0.2884,2.7141,6,11,SHUKLA,9,Rikta,Swati,Sadhya,auspicious,Balava,Me,exalted,neutral,neutral,1,0,1,1,Su,dig_Ma|dig_Me=neutral||own|asp7_Ve_Ra|asp7_Mo_lord=1||Ma|asp7_Ra_Ve|asp7_Mo_lord=1||Ma,dig_Sa|dig_Ma|sade_sati_phase=neutral||neutral||rising|dig_Ma|sade_sati_phase=neutral||rising|dig_Sa|dig_Mo=neutral||neutral
2026-07-23,WATCH_BULL,-2.5688,0.1453,2.7141,4,11,SHUKLA,10,Purna,Vishakha,Shubha,auspicious,Taitila,Ju,exalted,neutral,neutral,1,0,1,1,Su,dig_Ma|dig_Me=neutral||own|asp7_Ve_Ra|asp7_Mo_lord=1||Ma|asp7_Ra_Ve|asp7_Mo_lord=1||Ma,dig_Sa|dig_Ma|sade_sati_phase=neutral||neutral||rising|dig_Ma|sade_sati_phase=neutral||rising|dig_Sa|dig_Mo=neutral||neutral
2026-07-24,WATCH_BEAR,-1.625,0.0157,1.6407,1,7,SHUKLA,11,Nanda,Anuradha,Shukla,auspicious,Vanija,Ve,exalted,neutral,debilitated,0,0,0,1,Su,dig_Ma|dig_Me=neutral||own,dig_Sa|dig_Ma|sade_sati_phase=neutral||neutral||rising|dig_Ma|sade_sati_phase=neutral||rising|dig_Sa=neutral
2026-07-27,WATCH_BULL,-1.3795,0.5595,1.939,8,7,SHUKLA,14,Rikta,PurvaAshadha,Vaidhriti,inauspicious,Garija,Mo,exalted,neutral,neutral,0,0,0,1,Su,dig_Ma|dig_Me=neutral||own|dig_Sa|elem_Mo=neutral||F|paksha|dig_Sa|hora_at_open=SHUKLA||neutral||Ma,dig_Sa|dig_Ma|sade_sati_phase=neutral||neutral||rising|dig_Ma|sade_sati_phase=neutral||rising|dig_Sa|dig_Mo=neutral||neutral
2026-07-28,WATCH_BULL,-1.8703,0.0687,1.939,2,7,SHUKLA,14,Rikta,UttaraAshadha,Vishkambha,inauspicious,Vanija,Ma,exalted,neutral,neutral,0,0,0,1,Su,dig_Ma|dig_Me=neutral||own|dig_Sa|elem_Mo=neutral||F,dig_Sa|dig_Ma|sade_sati_phase=neutral||neutral||rising|dig_Ma|sade_sati_phase=neutral||rising|dig_Sa|dig_Mo=neutral||neutral
2026-07-29,WATCH_BEAR,-3.137,0.0157,3.1527,1,12,SHUKLA,15,Purna,Shravana,Priti,auspicious,Bava,Me,exalted,neutral,neutral,0,0,1,1,Su,dig_Ma|dig_Me=neutral||own,dig_Sa|dig_Ma|sade_sati_phase=neutral||neutral||rising|dig_Ma|sade_sati_phase=neutral||rising|dig_Sa|dig_Mo=neutral||neutral
2026-07-30,WATCH_BEAR,-3.0138,0.0435,3.0573,2,11,KRISHNA,16,Nanda,Shravana,Ayushman,auspicious,Kaulava,Ju,exalted,neutral,neutral,0,0,1,1,Su,dig_Ma|dig_Me=neutral||own|paksha|dig_Mo|dig_Ma=KRISHNA||neutral||neutral,dig_Sa|dig_Ma|sade_sati_phase=neutral||neutral||rising|dig_Ma|sade_sati_phase=neutral||rising|dig_Sa|dig_Mo=neutral||neutral
2026-07-31,WATCH_BEAR,-2.2784,0.0435,2.3219,2,8,KRISHNA,17,Bhadra,Dhanishtha,Saubhagya,auspicious,Garija,Ve,exalted,neutral,neutral,0,0,0,1,Su,dig_Ma|dig_Me=neutral||own|paksha|dig_Mo|dig_Ma=KRISHNA||neutral||neutral,dig_Sa|dig_Ma|sade_sati_phase=neutral||neutral||rising|dig_Ma|sade_sati_phase=neutral||rising|dig_Sa|dig_Mo=neutral||neutral
2026-08-03,WATCH_BULL,-0.4737,0.3334,0.8071,6,3,KRISHNA,20,Purna,UttaraBhadrapada,Sukarma,auspicious,Taitila,Mo,exalted,neutral,neutral,0,0,0,1,Su,asp7_Ve_Sa|asp_Ju_dom_Sa=1||1|asp7_Sa_Ve|asp_Ju_dom_Sa=1||1|vara_lord|dig_Sa|hora_at_open=Mo||neutral||Ma,dig_Sa|dig_Mo=neutral||neutral|dig_Sa=neutral|yoga_quality|dig_Sa=auspicious||neutral
2026-08-04,WATCH_BULL,-1.1464,0.0746,1.2211,2,4,KRISHNA,21,Nanda,Revati,Dhriti,auspicious,Vanija,Ma,exalted,neutral,neutral,0,0,0,1,Su,asp7_Ve_Sa|asp_Ju_dom_Sa=1||1|asp7_Sa_Ve|asp_Ju_dom_Sa=1||1,dig_Sa|dig_Mo=neutral||neutral|dig_Sa=neutral|ex_trine_Sa_Su|asp10_Sa_lord=1||Ju
2026-08-05,WATCH_BULL,-1.055,0.1276,1.1827,3,4,KRISHNA,22,Bhadra,Ashwini,Ganda,inauspicious,Bava,Me,exalted,neutral,neutral,0,0,1,1,Su,dig_Sa|elem_Mo=neutral||F|asp7_Ve_Sa|asp_Ju_dom_Sa=1||1|asp7_Sa_Ve|asp_Ju_dom_Sa=1||1,dig_Sa|dig_Mo=neutral||neutral|dig_Sa=neutral|ex_trine_Sa_Su|asp10_Sa_lord=1||Ju
2026-08-06,WATCH_BULL,-1.1199,0.1276,1.2475,3,5,KRISHNA,23,Jaya,Bharani,Vriddhi,auspicious,Kaulava,Ju,exalted,neutral,neutral,0,0,1,1,Su,dig_Sa|elem_Mo=neutral||F|asp7_Ve_Sa|asp_Ju_dom_Sa=1||1|asp7_Sa_Ve|asp_Ju_dom_Sa=1||1,dig_Sa|dig_Mo=neutral||neutral|dig_Sa=neutral|ex_trine_Sa_Su|asp10_Sa_lord=1||Ju
2026-08-07,WATCH_BULL,-0.7832,0.0746,0.8579,2,3,KRISHNA,25,Purna,Krittika,Dhruva,auspicious,Vanija,Ve,exalted,neutral,exalted,0,0,0,1,Su,asp7_Ve_Sa|asp_Ju_dom_Sa=1||1|asp7_Sa_Ve|asp_Ju_dom_Sa=1||1,dig_Sa=neutral|ex_trine_Sa_Su|asp10_Sa_lord=1||Ju|yoga_quality|dig_Sa=auspicious||neutral
2026-08-10,WATCH_BULL,0.0279,0.4069,0.379,7,1,KRISHNA,28,Jaya,Punarvasu,Vajra,inauspicious,Garija,Mo,exalted,neutral,friendly,0,0,0,1,Su,dig_Ma|sade_sati_phase|nakl_spd=enemy||rising||very_fast|asp7_Ve_Sa|asp_Ju_dom_Sa=1||1|asp7_Sa_Ve|asp_Ju_dom_Sa=1||1,dig_Sa=neutral
2026-08-11,WATCH_BULL,-0.3693,0.0746,0.4439,2,2,KRISHNA,29,Rikta,Pushya,Siddhi,auspicious,Shakuni,Ma,exalted,neutral,own,0,0,1,1,Su,asp7_Ve_Sa|asp_Ju_dom_Sa=1||1|asp7_Sa_Ve|asp_Ju_dom_Sa=1||1,dig_Sa=neutral|yoga_quality|dig_Sa=auspicious||neutral
2026-08-12,WATCH_BULL,-0.3693,0.0746,0.4439,2,2,KRISHNA,30,Purna,Ashlesha,Variyan,auspicious,Naga,Me,exalted,neutral,own,0,1,1,1,Su,asp7_Ve_Sa|asp_Ju_dom_Sa=1||1|asp7_Sa_Ve|asp_Ju_dom_Sa=1||1,dig_Sa=neutral|yoga_quality|dig_Sa=auspicious||neutral
2026-08-13,WATCH_BULL,-0.1817,0.2926,0.4744,6,2,SHUKLA,1,Nanda,Magha,Parigha,inauspicious,Bava,Ju,exalted,neutral,friendly,0,1,0,1,Su,dig_Sa|elem_Mo=neutral||F|asp7_Ve_Sa|asp_Ju_dom_Sa=1||1|asp7_Sa_Ve|asp_Ju_dom_Sa=1||1,dig_Sa=neutral|paksha|dig_Sa=SHUKLA||neutral
2026-08-14,WATCH_BULL,-0.2466,0.2926,0.5393,6,3,SHUKLA,2,Bhadra,PurvaPhalguni,Shiva,auspicious,Kaulava,Ve,exalted,neutral,friendly,0,0,0,1,Su,dig_Sa|elem_Mo=neutral||F|asp7_Ve_Sa|asp_Ju_dom_Sa=1||1|asp7_Sa_Ve|asp_Ju_dom_Sa=1||1,dig_Sa=neutral|paksha|dig_Sa=SHUKLA||neutral|yoga_quality|dig_Sa=auspicious||neutral
2026-08-17,WATCH_BULL,-0.3777,0.5248,0.9025,7,4,SHUKLA,6,Nanda,Chitra,Shubha,auspicious,Kaulava,Mo,exalted,neutral,neutral,0,0,1,1,Su,paksha|dig_Sa|hora_at_open=SHUKLA||neutral||Ma|asp7_Ve_Sa|asp_Ju_dom_Sa=1||1|asp7_Sa_Ve|asp_Ju_dom_Sa=1||1,dig_Sa|dig_Mo=neutral||neutral|dig_Sa=neutral|paksha|dig_Sa=SHUKLA||neutral
2026-08-18,WATCH_BULL,-0.8278,0.0746,0.9025,2,4,SHUKLA,6,Nanda,Swati,Shukla,auspicious,Taitila,Ma,exalted,neutral,neutral,0,0,1,1,Su,asp7_Ve_Sa|asp_Ju_dom_Sa=1||1|asp7_Sa_Ve|asp_Ju_dom_Sa=1||1,dig_Sa|dig_Mo=neutral||neutral|dig_Sa=neutral|paksha|dig_Sa=SHUKLA||neutral
2026-08-19,WATCH_BULL,-0.7518,0.1771,0.9289,4,5,SHUKLA,7,Bhadra,Vishakha,Brahma,auspicious,Vanija,Me,exalted,neutral,neutral,0,0,1,1,Su,dig_Ma|sade_sati_phase|nakl_spd=enemy||rising||very_fast|asp7_Ve_Sa|asp_Ju_dom_Sa=1||1|asp7_Sa_Ve|asp_Ju_dom_Sa=1||1,dig_Sa|dig_Mo=neutral||neutral|dig_Sa=neutral|paksha|dig_Sa=SHUKLA||neutral
2026-08-20,WATCH_BULL,-0.4646,0.0746,0.5393,2,3,SHUKLA,8,Jaya,Anuradha,Indra,auspicious,Bava,Ju,exalted,neutral,debilitated,0,0,0,1,Su,asp7_Ve_Sa|asp_Ju_dom_Sa=1||1|asp7_Sa_Ve|asp_Ju_dom_Sa=1||1,dig_Sa=neutral|paksha|dig_Sa=SHUKLA||neutral|yoga_quality|dig_Sa=auspicious||neutral
2026-08-21,WATCH_BULL,-0.3262,0.1481,0.4744,3,2,SHUKLA,9,Rikta,Jyeshtha,Vaidhriti,inauspicious,Kaulava,Ve,exalted,neutral,debilitated,0,0,0,1,Su,dig_Ma|sade_sati_phase|nakl_spd=enemy||rising||very_fast|asp7_Ve_Sa|asp_Ju_dom_Sa=1||1|asp7_Sa_Ve|asp_Ju_dom_Sa=1||1,dig_Sa=neutral|paksha|dig_Sa=SHUKLA||neutral
2026-08-24,WATCH_BULL,2.2911,3.1936,0.9025,34,4,SHUKLA,12,Bhadra,PurvaAshadha,Ayushman,auspicious,Balava,Mo,exalted,neutral,neutral,0,0,0,1,Su,dig_Sa|elem_Mo=neutral||F|dig_Me|asp7_Ra_lord=friendly||Su|dig_Me|asp5_Ra_lord=friendly||Me,dig_Sa|dig_Mo=neutral||neutral|dig_Sa=neutral|paksha|dig_Sa=SHUKLA||neutral
2026-08-25,WATCH_BULL,1.788,2.6904,0.9025,28,4,SHUKLA,13,Jaya,UttaraAshadha,Saubhagya,auspicious,Kaulava,Ma,exalted,neutral,neutral,0,0,1,1,Su,dig_Me|asp7_Ra_lord=friendly||Su|dig_Me|asp5_Ra_lord=friendly||Me|dig_Me|asp5_Ke_lord=friendly||Ju,dig_Sa|dig_Mo=neutral||neutral|dig_Sa=neutral|paksha|dig_Sa=SHUKLA||neutral
2026-08-26,WATCH_BULL,1.7615,2.6904,0.9289,28,5,SHUKLA,14,Rikta,Shravana,Shobhana,auspicious,Garija,Me,exalted,neutral,neutral,0,0,1,1,Su,dig_Me|asp7_Ra_lord=friendly||Su|dig_Me|asp5_Ra_lord=friendly||Me|dig_Me|asp5_Ke_lord=friendly||Ju,dig_Sa|dig_Mo=neutral||neutral|dig_Sa=neutral|paksha|dig_Sa=SHUKLA||neutral
2026-08-27,WATCH_BULL,1.8554,2.7194,0.8641,29,4,SHUKLA,15,Purna,Dhanishtha,Atiganda,inauspicious,Vishti,Ju,exalted,neutral,neutral,0,0,0,1,Su,dig_Me|asp7_Ra_lord=friendly||Su|dig_Me|asp5_Ra_lord=friendly||Me|dig_Me|asp5_Ke_lord=friendly||Ju,dig_Sa|dig_Mo=neutral||neutral|dig_Sa=neutral|paksha|dig_Sa=SHUKLA||neutral
2026-08-28,WATCH_BULL,1.6872,2.6904,1.0033,28,4,KRISHNA,16,Nanda,Shatabhisha,Sukarma,auspicious,Balava,Ve,exalted,neutral,neutral,0,0,0,1,Su,dig_Me|asp7_Ra_lord=friendly||Su|dig_Me|asp5_Ra_lord=friendly||Me|dig_Me|asp5_Ke_lord=friendly||Ju,paksha|dig_Me|sade_sati_phase=KRISHNA||friendly||rising|dig_Sa|dig_Mo=neutral||neutral|dig_Sa=neutral
2026-08-31,WATCH_BULL,2.0843,3.0227,0.9384,33,3,KRISHNA,19,Rikta,Revati,Ganda,inauspicious,Bava,Mo,exalted,neutral,neutral,0,0,0,1,Su,dig_Ma|sade_sati_phase|nakl_spd=enemy||rising||very_fast|dig_Me|asp7_Ra_lord=friendly||Su|dig_Me|asp5_Ra_lord=friendly||Me,paksha|dig_Me|sade_sati_phase=KRISHNA||friendly||rising|dig_Sa|dig_Mo=neutral||neutral|dig_Sa=neutral
2026-09-01,WATCH_BULL,1.7402,2.7434,1.0033,29,4,KRISHNA,20,Purna,Ashwini,Vriddhi,auspicious,Kaulava,Ma,exalted,neutral,neutral,0,0,1,1,Su,dig_Sa|elem_Mo=neutral||F|dig_Me|asp7_Ra_lord=friendly||Su|dig_Me|asp5_Ra_lord=friendly||Me,paksha|dig_Me|sade_sati_phase=KRISHNA||friendly||rising|dig_Sa|dig_Mo=neutral||neutral|dig_Sa=neutral
2026-09-02,WATCH_BULL,1.1665,2.8573,1.6908,30,7,KRISHNA,21,Nanda,Bharani,Dhruva,auspicious,Vanija,Me,exalted,neutral,neutral,0,0,1,1,Su,dig_Ve|dig_Me|choghadiya_quality=moolatrikona||friendly||avoid|dig_Ve|dig_Me=moolatrikona||friendly|dig_Sa|elem_Mo=neutral||F,paksha|dig_Me|sade_sati_phase=KRISHNA||friendly||rising|dig_Sa|dig_Mo=neutral||neutral|dig_Sa=neutral
2026-09-03,WATCH_BULL,1.6387,2.875,1.2363,32,4,KRISHNA,22,Bhadra,Krittika,Vyaghata,inauspicious,Bava,Ju,exalted,neutral,exalted,0,0,0,1,Su,dig_Ve|dig_Me|hora_at_open=moolatrikona||friendly||Ve|vara_lord|dig_Ve|dig_Me=Ju||moolatrikona||friendly|dig_Ve|dig_Me|choghadiya_quality=moolatrikona||friendly||avoid,paksha|dig_Me|sade_sati_phase=KRISHNA||friendly||rising|dig_Sa=neutral|asp9_Ra_Ve|asp8_Ma_lord=1||Sa
2026-09-04,WATCH_BULL,1.5062,2.7425,1.2363,28,4,KRISHNA,23,Jaya,Rohini,Vajra,inauspicious,Kaulava,Ve,exalted,neutral,exalted,0,0,0,1,Su,dig_Ve|dig_Me=moolatrikona||friendly|dig_Me|asp7_Ra_lord=friendly||Su|dig_Me|asp5_Ra_lord=friendly||Me,paksha|dig_Me|sade_sati_phase=KRISHNA||friendly||rising|dig_Sa=neutral|asp9_Ra_Ve|asp8_Ma_lord=1||Sa
2026-09-07,WATCH_BULL,-0.7298,0.3752,1.105,8,4,KRISHNA,27,Bhadra,Punarvasu,Variyan,auspicious,Kaulava,Mo,exalted,neutral,own,0,0,1,1,Su,dig_Ma|sade_sati_phase|nakl_spd=enemy||rising||very_fast|deg_sq_Sa_Ma|deg_trine_Me_Ju=1||0|deg_sq_Sa_Ma|ex_trine_Sa_Su=1||0,dig_Sa=neutral|asp9_Ra_Ve|asp8_Ma_lord=1||Sa|asp9_Ra_Ve|asp9_Ju_lord=1||Ju
2026-09-08,WATCH_BEAR,-0.9971,0.0429,1.0401,3,3,KRISHNA,28,Jaya,Ashlesha,Parigha,inauspicious,Garija,Ma,exalted,neutral,own,0,0,1,1,Su,deg_sq_Sa_Ma|deg_trine_Me_Ju=1||0|deg_sq_Sa_Ma|ex_trine_Sa_Su=1||0|asp_Ke_dom_Su|deg_sq_Sa_Ma=0||1,dig_Sa=neutral|asp9_Ra_Ve|asp8_Ma_lord=1||Sa|asp9_Ra_Ve|asp9_Ju_lord=1||Ju
2026-09-09,WATCH_BULL,-0.902,0.2029,1.105,6,4,KRISHNA,29,Rikta,Magha,Shiva,auspicious,Vishti,Me,exalted,neutral,friendly,0,0,0,1,Su,dig_Sa|elem_Mo=neutral||F|deg_sq_Sa_Ma|deg_trine_Me_Ju=1||0|deg_sq_Sa_Ma|ex_trine_Sa_Su=1||0,dig_Sa=neutral|asp9_Ra_Ve|asp8_Ma_lord=1||Sa|asp9_Ra_Ve|asp9_Ju_lord=1||Ju
2026-09-10,WATCH_BULL,-0.902,0.2029,1.105,6,4,KRISHNA,30,Purna,PurvaPhalguni,Siddha,auspicious,Chatushpada,Ju,exalted,neutral,friendly,0,1,0,1,Su,dig_Sa|elem_Mo=neutral||F|deg_sq_Sa_Ma|deg_trine_Me_Ju=1||0|deg_sq_Sa_Ma|ex_trine_Sa_Su=1||0,dig_Sa=neutral|asp9_Ra_Ve|asp8_Ma_lord=1||Sa|asp9_Ra_Ve|asp9_Ju_lord=1||Ju
2026-09-11,WATCH_BULL,-0.9974,0.2029,1.2003,6,5,SHUKLA,1,Nanda,UttaraPhalguni,Shubha,auspicious,Kimstughna,Ve,exalted,neutral,friendly,0,1,0,1,Su,dig_Sa|elem_Mo=neutral||F|deg_sq_Sa_Ma|deg_trine_Me_Ju=1||0|deg_sq_Sa_Ma|ex_trine_Sa_Su=1||0,dig_Sa=neutral|paksha|dig_Sa=SHUKLA||neutral|asp9_Ra_Ve|asp8_Ma_lord=1||Sa
2026-09-15,WATCH_BULL,-1.4251,0.0735,1.4986,1,5,SHUKLA,5,Purna,Vishakha,Vaidhriti,inauspicious,Bava,Ma,exalted,neutral,neutral,0,0,1,1,Su,dig_Ma|sade_sati_phase|nakl_spd=enemy||rising||very_fast,dig_Sa|dig_Mo=neutral||neutral|dig_Sa=neutral|paksha|dig_Sa=SHUKLA||neutral
2026-09-16,PRIME_TRADE_BEAR,-1.1355,0.0,1.1355,0,4,SHUKLA,6,Nanda,Anuradha,Vishkambha,inauspicious,Kaulava,Me,exalted,neutral,exact_debil,0,0,0,1,Su,,dig_Sa=neutral|paksha|dig_Sa=SHUKLA||neutral|asp9_Ra_Ve|asp8_Ma_lord=1||Sa
2026-09-17,WATCH_BULL,-1.0703,0.13,1.2003,1,5,SHUKLA,7,Bhadra,Anuradha,Priti,auspicious,Garija,Ju,exalted,neutral,debilitated,0,0,0,1,Su,asp4_Ma_Su|asp7_Ma_lord=1||Ju,dig_Sa=neutral|paksha|dig_Sa=SHUKLA||neutral|asp9_Ra_Ve|asp8_Ma_lord=1||Sa
2026-09-18,PRIME_TRADE_BEAR,-1.2003,0.0,1.2003,0,5,SHUKLA,8,Jaya,Jyeshtha,Ayushman,auspicious,Vishti,Ve,exalted,neutral,debilitated,0,0,0,1,Su,,dig_Sa=neutral|paksha|dig_Sa=SHUKLA||neutral|asp9_Ra_Ve|asp8_Ma_lord=1||Sa
2026-09-21,WATCH_BULL,-1.0485,0.4501,1.4986,5,5,SHUKLA,10,Purna,UttaraAshadha,Atiganda,inauspicious,Garija,Mo,exalted,neutral,neutral,0,0,1,1,Su,paksha|dig_Sa|hora_at_open=SHUKLA||neutral||Ma|vara_lord|dig_Sa|hora_at_open=Mo||neutral||Ma|dig_Sa|hora_at_open=neutral||Ma,dig_Sa|dig_Mo=neutral||neutral|dig_Sa=neutral|paksha|dig_Sa=SHUKLA||neutral
2026-09-22,PRIME_TRADE_BEAR,-1.5635,0.0,1.5635,0,6,SHUKLA,11,Nanda,Shravana,Sukarma,auspicious,Vishti,Ma,exalted,neutral,neutral,0,0,1,1,Su,,dig_Sa|dig_Mo=neutral||neutral|dig_Sa=neutral|paksha|dig_Sa=SHUKLA||neutral
2026-09-23,PRIME_TRADE_BEAR,-1.59,0.0,1.59,0,7,SHUKLA,12,Bhadra,Dhanishtha,Dhriti,auspicious,Balava,Me,exalted,neutral,neutral,0,0,1,1,Su,,dig_Sa|dig_Mo=neutral||neutral|dig_Sa=neutral|paksha|dig_Sa=SHUKLA||neutral
2026-09-24,WATCH_BULL,-1.3667,0.1584,1.5251,3,6,SHUKLA,13,Jaya,Shatabhisha,Shoola,inauspicious,Taitila,Ju,exalted,neutral,neutral,0,0,0,1,Su,asp_Ke_dom_Sa|deg_sq_Me_Ma=1||1|asp_Ra_dom_Sa|deg_sq_Me_Ma=0||1|dig_Mo|elem_Mo|choghadiya_quality=neutral||A||avoid,dig_Sa|dig_Mo=neutral||neutral|dig_Sa=neutral|paksha|dig_Sa=SHUKLA||neutral
2026-09-25,WATCH_BULL,-1.3692,0.1294,1.4986,2,5,SHUKLA,14,Rikta,PurvaBhadrapada,Ganda,inauspicious,Vanija,Ve,exalted,neutral,neutral,0,0,0,1,Su,asp_Ke_dom_Sa|deg_sq_Me_Ma=1||1|asp_Ra_dom_Sa|deg_sq_Me_Ma=0||1,dig_Sa|dig_Mo=neutral||neutral|dig_Sa=neutral|paksha|dig_Sa=SHUKLA||neutral
2026-09-28,WATCH_BULL,-0.8123,1.1489,1.9612,14,6,KRISHNA,17,Bhadra,Ashwini,Vyaghata,inauspicious,Garija,Mo,exalted,neutral,neutral,0,0,1,1,Su,dig_Ve|dig_Me=moolatrikona||friendly|dig_Sa|elem_Mo=neutral||F|dig_Ve|asp7_Me_lord=moolatrikona||Ma,paksha|dig_Me|sade_sati_phase=KRISHNA||friendly||rising|dig_Sa|dig_Mo=neutral||neutral|dig_Sa=neutral
2026-09-29,WATCH_BULL,-1.1359,0.8902,2.0261,10,7,KRISHNA,19,Rikta,Bharani,Harshana,auspicious,Bava,Ma,exalted,neutral,neutral,0,0,1,1,Su,dig_Ve|dig_Me=moolatrikona||friendly|dig_Sa|elem_Mo=neutral||F|dig_Ve|asp7_Me_lord=moolatrikona||Ma,paksha|dig_Me|sade_sati_phase=KRISHNA||friendly||rising|dig_Sa|dig_Mo=neutral||neutral|dig_Sa=neutral
2026-09-30,WATCH_BULL,-0.699,0.899,1.598,10,5,KRISHNA,20,Purna,Krittika,Vajra,inauspicious,Kaulava,Me,exalted,neutral,exact_exalt,0,0,0,1,Su,dig_Ve|dig_Me|choghadiya_quality=moolatrikona||friendly||avoid|dig_Ve|dig_Me=moolatrikona||friendly|dig_Ve|asp7_Me_lord=moolatrikona||Ma,paksha|dig_Me|sade_sati_phase=KRISHNA||friendly||rising|dig_Sa=neutral|asp9_Ra_Ve|asp7_Me_lord=1||Ma
2026-10-01,WATCH_BULL,-0.7629,0.9,1.6629,12,6,KRISHNA,21,Nanda,Rohini,Siddhi,auspicious,Garija,Ju,exalted,neutral,exalted,0,0,0,1,Su,dig_Ve|dig_Me|hora_at_open=moolatrikona||friendly||Ve|vara_lord|dig_Ve|dig_Me=Ju||moolatrikona||friendly|dig_Ve|dig_Me|choghadiya_quality=moolatrikona||friendly||avoid,paksha|dig_Me|sade_sati_phase=KRISHNA||friendly||rising|dig_Sa=neutral|asp9_Ra_Ve|asp7_Me_lord=1||Ma
2026-10-05,WATCH_BULL,1.4487,3.1117,1.6629,34,6,KRISHNA,25,Purna,Pushya,Siddha,auspicious,Vishti,Mo,exalted,neutral,own,0,0,1,1,Su,dig_Ve|dig_Me=moolatrikona||friendly|karana_quality|dig_Me|tara_quality=inauspicious||friendly||prosperity|dig_Ve|asp7_Me_lord=moolatrikona||Ma,paksha|dig_Me|sade_sati_phase=KRISHNA||friendly||rising|dig_Sa=neutral|asp9_Ra_Ve|asp7_Me_lord=1||Ma
2026-10-06,WATCH_BULL,1.1117,2.7746,1.6629,29,6,KRISHNA,26,Nanda,Ashlesha,Sadhya,auspicious,Balava,Ma,exalted,neutral,own,0,0,1,1,Su,dig_Ve|dig_Me=moolatrikona||friendly|dig_Ve|asp7_Me_lord=moolatrikona||Ma|elem_Me|dig_Ve=A||moolatrikona,paksha|dig_Me|sade_sati_phase=KRISHNA||friendly||rising|dig_Sa=neutral|asp9_Ra_Ve|asp7_Me_lord=1||Ma
2026-10-07,WATCH_BULL,1.3335,2.9965,1.6629,33,6,KRISHNA,27,Bhadra,Magha,Shubha,auspicious,Taitila,Me,exalted,neutral,friendly,0,0,0,1,Su,dig_Ve|dig_Me|choghadiya_quality=moolatrikona||friendly||avoid|dig_Ve|dig_Me=moolatrikona||friendly|dig_Sa|elem_Mo=neutral||F,paksha|dig_Me|sade_sati_phase=KRISHNA||friendly||rising|dig_Sa=neutral|asp9_Ra_Ve|asp7_Me_lord=1||Ma
2026-10-08,WATCH_BULL,1.3345,2.9974,1.6629,35,6,KRISHNA,28,Jaya,PurvaPhalguni,Shukla,auspicious,Vanija,Ju,exalted,neutral,friendly,0,0,0,1,Su,dig_Ve|dig_Me|hora_at_open=moolatrikona||friendly||Ve|vara_lord|dig_Ve|dig_Me=Ju||moolatrikona||friendly|dig_Ve|dig_Me|choghadiya_quality=moolatrikona||friendly||avoid,paksha|dig_Me|sade_sati_phase=KRISHNA||friendly||rising|dig_Sa=neutral|asp9_Ra_Ve|asp7_Me_lord=1||Ma
2026-10-09,WATCH_BULL,1.1117,2.7746,1.6629,29,6,KRISHNA,29,Rikta,UttaraPhalguni,Brahma,auspicious,Shakuni,Ve,exalted,neutral,friendly,0,0,0,1,Su,dig_Ve|dig_Me=moolatrikona||friendly|dig_Ve|asp7_Me_lord=moolatrikona||Ma|elem_Me|dig_Ve=A||moolatrikona,paksha|dig_Me|sade_sati_phase=KRISHNA||friendly||rising|dig_Sa=neutral|asp9_Ra_Ve|asp7_Me_lord=1||Ma
2026-10-12,WATCH_BULL,1.5191,3.3795,1.8604,35,6,SHUKLA,2,Bhadra,Swati,Vishkambha,inauspicious,Kaulava,Mo,exalted,neutral,neutral,0,0,1,1,Su,dig_Ve|dig_Me=moolatrikona||friendly|dig_Ve|asp7_Me_lord=moolatrikona||Ma|elem_Me|dig_Ve=A||moolatrikona,dig_Sa|dig_Mo=neutral||neutral|dig_Sa=neutral|paksha|dig_Sa=SHUKLA||neutral
2026-10-13,WATCH_BULL,1.004,2.9293,1.9253,30,7,SHUKLA,3,Jaya,Vishakha,Priti,auspicious,Garija,Ma,exalted,neutral,neutral,0,0,1,1,Su,dig_Ve|dig_Me=moolatrikona||friendly|dig_Ve|asp7_Me_lord=moolatrikona||Ma|elem_Me|dig_Ve=A||moolatrikona,dig_Sa|dig_Mo=neutral||neutral|dig_Sa=neutral|paksha|dig_Sa=SHUKLA||neutral
2026-10-14,WATCH_BULL,1.4957,3.0578,1.5621,33,6,SHUKLA,4,Rikta,Anuradha,Ayushman,auspicious,Vishti,Me,exalted,neutral,debilitated,0,0,0,1,Su,dig_Ve|dig_Me|choghadiya_quality=moolatrikona||friendly||avoid|dig_Ve|dig_Me=moolatrikona||friendly|karana_quality|dig_Me|tara_quality=inauspicious||friendly||prosperity,dig_Sa=neutral|paksha|dig_Sa=SHUKLA||neutral|asp9_Ra_Ve|asp7_Me_lord=1||Ma
2026-10-15,WATCH_BULL,1.2753,2.8374,1.5621,32,6,SHUKLA,5,Purna,Jyeshtha,Saubhagya,auspicious,Balava,Ju,exalted,neutral,debilitated,0,0,0,1,Su,dig_Ve|dig_Me|hora_at_open=moolatrikona||friendly||Ve|vara_lord|dig_Ve|dig_Me=Ju||moolatrikona||friendly|dig_Ve|dig_Me|choghadiya_quality=moolatrikona||friendly||avoid,dig_Sa=neutral|paksha|dig_Sa=SHUKLA||neutral|asp9_Ra_Ve|asp7_Me_lord=1||Ma
2026-10-16,WATCH_BULL,0.7729,2.6982,1.9253,28,7,SHUKLA,6,Nanda,Mula,Shobhana,auspicious,Taitila,Ve,exalted,neutral,neutral,0,0,0,1,Su,dig_Ve|dig_Me=moolatrikona||friendly|dig_Sa|elem_Mo=neutral||F|dig_Ve|asp7_Me_lord=moolatrikona||Ma,dig_Sa|dig_Mo=neutral||neutral|dig_Sa=neutral|paksha|dig_Sa=SHUKLA||neutral
2026-10-19,WATCH_BULL,1.1678,3.3934,2.2256,36,8,SHUKLA,9,Rikta,Shravana,Dhriti,auspicious,Balava,Mo,exalted,neutral,neutral,0,0,1,1,Su,dig_Ve|dig_Me=moolatrikona||friendly|dig_Ve|asp7_Me_lord=moolatrikona||Ma|elem_Me|dig_Ve=A||moolatrikona,dig_Sa|dig_Mo=neutral||neutral|dig_Sa=neutral|paksha|dig_Sa=SHUKLA||neutral
2026-10-21,WATCH_BULL,0.8469,3.0341,2.1872,33,8,SHUKLA,11,Nanda,Dhanishtha,Ganda,inauspicious,Vanija,Me,exalted,neutral,neutral,0,0,0,1,Su,dig_Ve|dig_Me|choghadiya_quality=moolatrikona||friendly||avoid|dig_Ve|dig_Me=moolatrikona||friendly|dig_Ve|asp7_Me_lord=moolatrikona||Ma,dig_Sa|dig_Mo=neutral||neutral|dig_Sa=neutral|paksha|dig_Sa=SHUKLA||neutral
2026-10-22,WATCH_BULL,0.7829,3.035,2.2521,35,9,SHUKLA,12,Bhadra,Shatabhisha,Vriddhi,auspicious,Bava,Ju,exalted,neutral,neutral,0,0,0,1,Su,dig_Ve|dig_Me|hora_at_open=moolatrikona||friendly||Ve|vara_lord|dig_Ve|dig_Me=Ju||moolatrikona||friendly|dig_Ve|dig_Me|choghadiya_quality=moolatrikona||friendly||avoid,dig_Sa|dig_Mo=neutral||neutral|dig_Sa=neutral|paksha|dig_Sa=SHUKLA||neutral
2026-10-23,WATCH_BULL,0.8471,3.0727,2.2256,33,8,SHUKLA,13,Jaya,PurvaBhadrapada,Dhruva,auspicious,Kaulava,Ve,exalted,neutral,neutral,0,0,0,1,Su,dig_Ve|dig_Me=moolatrikona||friendly|dig_Ve|asp7_Me_lord=moolatrikona||Ma|elem_Me|dig_Ve=A||moolatrikona,dig_Sa|dig_Mo=neutral||neutral|dig_Sa=neutral|paksha|dig_Sa=SHUKLA||neutral
2026-10-26,WATCH_BULL,0.2354,3.652,3.4167,40,10,KRISHNA,16,Nanda,Ashwini,Siddhi,auspicious,Balava,Mo,exalted,neutral,neutral,1,0,1,1,Su,dig_Ve|dig_Me=moolatrikona||friendly|dig_Sa|elem_Mo=neutral||F|dig_Ve|asp7_Me_lord=moolatrikona||Ma,paksha|dig_Me|sade_sati_phase=KRISHNA||friendly||rising|dig_Sa|dig_Mo=neutral||neutral|dig_Sa=neutral
2026-10-27,WATCH_BULL,0.1112,3.463,3.3518,37,9,KRISHNA,17,Bhadra,Krittika,Vyatipata,inauspicious,Taitila,Ma,exalted,neutral,neutral,1,0,1,1,Su,dig_Ve|dig_Me=moolatrikona||friendly|dig_Sa|elem_Mo=neutral||F|dig_Ve|asp7_Me_lord=moolatrikona||Ma,paksha|dig_Me|sade_sati_phase=KRISHNA||friendly||rising|dig_Sa|dig_Mo=neutral||neutral|dig_Sa=neutral
2026-10-28,WATCH_BULL,0.2357,3.2892,3.0535,35,9,KRISHNA,18,Jaya,Rohini,Variyan,auspicious,Vishti,Me,exalted,neutral,exalted,1,0,0,1,Su,dig_Ve|dig_Me|choghadiya_quality=moolatrikona||friendly||avoid|dig_Ve|dig_Me=moolatrikona||friendly|dig_Ve|asp7_Me_lord=moolatrikona||Ma,paksha|dig_Me|sade_sati_phase=KRISHNA||friendly||rising|dig_Sa=neutral|deg_conj_Ju_Ma|asp5_Ju_lord=1||Ma
2026-10-29,WATCH_BULL,0.3016,3.2902,2.9886,37,8,KRISHNA,19,Rikta,Mrigashira,Parigha,inauspicious,Balava,Ju,exalted,neutral,exalted,1,0,0,1,Su,dig_Ve|dig_Me|hora_at_open=moolatrikona||friendly||Ve|vara_lord|dig_Ve|dig_Me=Ju||moolatrikona||friendly|dig_Ve|dig_Me|choghadiya_quality=moolatrikona||friendly||avoid,paksha|dig_Me|sade_sati_phase=KRISHNA||friendly||rising|dig_Sa=neutral|deg_conj_Ju_Ma|asp5_Ju_lord=1||Ma
2026-10-30,WATCH_BULL,0.0192,3.0727,3.0535,33,9,KRISHNA,20,Purna,Ardra,Shiva,auspicious,Taitila,Ve,exalted,neutral,friendly,1,0,0,1,Su,dig_Ve|dig_Me=moolatrikona||friendly|dig_Ve|asp7_Me_lord=moolatrikona||Ma|elem_Me|dig_Ve=A||moolatrikona,paksha|dig_Me|sade_sati_phase=KRISHNA||friendly||rising|dig_Sa=neutral|deg_conj_Ju_Ma|asp5_Ju_lord=1||Ma
2026-11-02,WATCH_BULL,1.3093,3.4457,2.1364,38,7,KRISHNA,24,Rikta,Ashlesha,Shukla,auspicious,Taitila,Mo,friendly,neutral,own,1,0,0,1,Su,dig_Ve|dig_Me=moolatrikona||friendly|dig_Ve|asp7_Me_lord=moolatrikona||Ma|elem_Me|dig_Ve=A||moolatrikona,paksha|dig_Me|sade_sati_phase=KRISHNA||friendly||rising|dig_Sa=neutral|deg_conj_Ju_Ma|asp7_Su_lord=1||Ma
2026-11-03,WATCH_BULL,1.1036,3.24,2.1364,35,7,KRISHNA,25,Purna,Magha,Brahma,auspicious,Vanija,Ma,friendly,neutral,friendly,1,0,1,1,Su,dig_Ve|dig_Me=moolatrikona||friendly|dig_Sa|elem_Mo=neutral||F|dig_Ve|asp7_Me_lord=moolatrikona||Ma,paksha|dig_Me|sade_sati_phase=KRISHNA||friendly||rising|dig_Sa=neutral|deg_conj_Ju_Ma|asp7_Su_lord=1||Ma
2026-11-04,WATCH_BULL,0.9216,3.0581,2.1364,33,7,KRISHNA,26,Nanda,PurvaPhalguni,Indra,auspicious,Bava,Me,friendly,neutral,friendly,1,0,1,1,Su,dig_Ve|dig_Me|choghadiya_quality=moolatrikona||friendly||avoid|dig_Ve|dig_Me=moolatrikona||friendly|dig_Sa|elem_Mo=neutral||F,paksha|dig_Me|sade_sati_phase=KRISHNA||friendly||rising|dig_Sa=neutral|deg_conj_Ju_Ma|asp7_Su_lord=1||Ma
2026-11-05,WATCH_BULL,0.9345,3.006,2.0715,34,6,KRISHNA,27,Bhadra,UttaraPhalguni,Vaidhriti,inauspicious,Kaulava,Ju,friendly,neutral,friendly,1,0,0,1,Su,dig_Ve|dig_Me|hora_at_open=moolatrikona||friendly||Ve|vara_lord|dig_Ve|dig_Me=Ju||moolatrikona||friendly|dig_Ve|dig_Me|choghadiya_quality=moolatrikona||friendly||avoid,paksha|dig_Me|sade_sati_phase=KRISHNA||friendly||rising|dig_Sa=neutral|deg_conj_Ju_Ma|asp7_Su_lord=1||Ma
2026-11-06,WATCH_BULL,1.2773,2.3912,1.114,28,3,KRISHNA,28,Jaya,Hasta,Vishkambha,inauspicious,Garija,Ve,friendly,neutral,friendly,1,0,0,1,Su,dig_Me|asp7_Ra_lord=friendly||Su|dig_Me|asp5_Ra_lord=friendly||Me|dig_Me|asp5_Ke_lord=friendly||Ju,paksha|dig_Me|sade_sati_phase=KRISHNA||friendly||rising|dig_Sa=neutral|deg_conj_Ju_Ma|asp7_Su_lord=1||Ma
2026-11-09,WATCH_BULL,1.8792,3.3204,1.4412,37,5,SHUKLA,1,Nanda,Vishakha,Saubhagya,auspicious,Kimstughna,Mo,friendly,neutral,neutral,1,1,0,1,Su,dig_Me|asp7_Ra_lord=friendly||Su|dig_Me|asp5_Ra_lord=friendly||Me|dig_Me|asp5_Ke_lord=friendly||Ju,dig_Sa|dig_Mo=neutral||neutral|dig_Sa=neutral|paksha|dig_Sa=SHUKLA||neutral
2026-11-11,WATCH_BULL,1.837,3.2763,1.4393,42,4,SHUKLA,3,Jaya,Jyeshtha,Atiganda,inauspicious,Taitila,Me,friendly,neutral,debilitated,1,0,1,1,Su,ix_paksha_moon_sign|asp5_Ju_lord=SHUKLA_Mo8||Ju|mod_Ju|nak_mo_name=X||Jyeshtha|dig_Me|asp7_Ra_lord=friendly||Su,dig_Sa=neutral|paksha|dig_Sa=SHUKLA||neutral|deg_conj_Ju_Ma|asp7_Su_lord=1||Ma
2026-11-12,WATCH_BULL,1.1513,3.0451,1.8938,40,7,SHUKLA,3,Jaya,Mula,Sukarma,auspicious,Garija,Ju,friendly,neutral,neutral,1,0,0,1,Su,dig_Sa|elem_Mo=neutral||F|dig_Me|asp7_Ra_lord=friendly||Su|dig_Me|asp5_Ra_lord=friendly||Me,dig_Sa|dig_Mo=neutral||neutral|dig_Sa=neutral|paksha|dig_Sa=SHUKLA||neutral
2026-11-13,WATCH_BULL,1.115,2.9824,1.8673,41,6,SHUKLA,4,Rikta,PurvaAshadha,Dhriti,auspicious,Vishti,Ve,friendly,neutral,neutral,1,0,0,1,Su,dig_Sa|elem_Mo=neutral||F|dig_Me|asp7_Ra_lord=friendly||Su|dig_Me|asp5_Ra_lord=friendly||Me,dig_Sa|dig_Mo=neutral||neutral|dig_Sa=neutral|paksha|dig_Sa=SHUKLA||neutral
2026-11-16,WATCH_BULL,1.069,3.4568,2.3878,46,7,SHUKLA,7,Bhadra,Shravana,Vriddhi,auspicious,Vanija,Mo,friendly,neutral,neutral,0,0,0,1,Su,dig_Me|asp7_Ra_lord=friendly||Su|dig_Me|asp5_Ra_lord=friendly||Me|dig_Me|asp5_Ke_lord=friendly||Ju,dig_Sa|dig_Mo=neutral||neutral|dig_Sa=neutral|paksha|dig_Sa=SHUKLA||neutral
2026-11-17,WATCH_BULL,2.1559,3.0584,0.9025,42,4,SHUKLA,8,Jaya,Dhanishtha,Dhruva,auspicious,Bava,Ma,friendly,neutral,neutral,0,0,1,1,Su,dig_Me|asp7_Ra_lord=friendly||Su|dig_Me|asp5_Ra_lord=friendly||Me|dig_Me|asp5_Ke_lord=friendly||Ju,dig_Sa|dig_Mo=neutral||neutral|dig_Sa=neutral|paksha|dig_Sa=SHUKLA||neutral
2026-11-18,WATCH_BULL,2.3664,3.2305,0.8641,45,4,SHUKLA,9,Rikta,Shatabhisha,Vyaghata,inauspicious,Balava,Me,friendly,neutral,neutral,0,0,1,1,Su,dig_Me|asp7_Ra_lord=friendly||Su|dig_Me|asp5_Ra_lord=friendly||Me|dig_Me|asp5_Ke_lord=friendly||Ju,dig_Sa|dig_Mo=neutral||neutral|dig_Sa=neutral|paksha|dig_Sa=SHUKLA||neutral
2026-11-19,WATCH_BULL,2.1584,3.0874,0.9289,43,5,SHUKLA,10,Purna,PurvaBhadrapada,Harshana,auspicious,Taitila,Ju,friendly,neutral,neutral,0,0,1,1,Su,dig_Me|asp7_Ra_lord=friendly||Su|dig_Me|asp5_Ra_lord=friendly||Me|dig_Me|asp5_Ke_lord=friendly||Ju,dig_Sa|dig_Mo=neutral||neutral|dig_Sa=neutral|paksha|dig_Sa=SHUKLA||neutral
2026-11-20,WATCH_BULL,2.2208,3.0584,0.8376,42,3,SHUKLA,11,Nanda,UttaraBhadrapada,Vajra,inauspicious,Vanija,Ve,friendly,neutral,neutral,0,0,0,1,Su,dig_Me|asp7_Ra_lord=friendly||Su|dig_Me|asp5_Ra_lord=friendly||Me|dig_Me|asp5_Ke_lord=friendly||Ju,dig_Sa|dig_Mo=neutral||neutral|dig_Sa=neutral|paksha|dig_Sa=SHUKLA||neutral
2026-11-23,WATCH_BULL,2.7692,4.0334,1.2642,49,5,SHUKLA,14,Rikta,Bharani,Variyan,auspicious,Vanija,Mo,friendly,neutral,neutral,0,0,0,1,Su,dig_Ve|dig_Me=moolatrikona||friendly|dig_Sa|elem_Mo=neutral||F|dig_Ve|asp7_Me_lord=moolatrikona||Ma,dig_Sa|dig_Mo=neutral||neutral|dig_Sa=neutral|paksha|dig_Sa=SHUKLA||neutral
2026-11-25,WATCH_BULL,2.9553,3.9571,1.0019,46,4,KRISHNA,17,Bhadra,Rohini,Siddha,auspicious,Taitila,Me,friendly,neutral,exalted,0,0,1,1,Su,dig_Ve|dig_Me|choghadiya_quality=moolatrikona||friendly||avoid|dig_Ve|dig_Me=moolatrikona||friendly|dig_Ve|asp7_Me_lord=moolatrikona||Ma,paksha|dig_Me|sade_sati_phase=KRISHNA||friendly||rising|dig_Sa=neutral|asp9_Ra_Ve|asp7_Me_lord=1||Ma
2026-11-26,WATCH_BULL,1.9143,2.9161,1.0019,33,4,KRISHNA,18,Jaya,Mrigashira,Sadhya,auspicious,Vanija,Ju,friendly,neutral,friendly,0,0,0,1,Su,dig_Ve|dig_Me|hora_at_open=moolatrikona||friendly||Ve|vara_lord|dig_Ve|dig_Me=Ju||moolatrikona||friendly|dig_Ve|dig_Me|choghadiya_quality=moolatrikona||friendly||avoid,paksha|dig_Me|sade_sati_phase=KRISHNA||friendly||rising|dig_Sa=neutral|asp9_Ra_Ve|asp7_Me_lord=1||Ma
2026-11-27,WATCH_BULL,1.3556,2.7714,1.4158,29,5,KRISHNA,19,Rikta,Punarvasu,Shubha,auspicious,Bava,Ve,friendly,neutral,friendly,0,0,0,1,Su,dig_Ve|dig_Me=moolatrikona||friendly|dig_Ve|asp7_Me_lord=moolatrikona||Ma|elem_Me|dig_Ve=A||moolatrikona,paksha|dig_Me|sade_sati_phase=KRISHNA||friendly||rising|dig_Sa=neutral|ex_trine_Sa_Su|asp10_Sa_lord=1||Ju
2026-11-30,WATCH_BULL,1.9536,3.3045,1.351,37,4,KRISHNA,22,Bhadra,Magha,Vaidhriti,inauspicious,Bava,Mo,friendly,neutral,friendly,0,0,1,1,Su,dig_Ve|dig_Me=moolatrikona||friendly|dig_Sa|elem_Mo=neutral||F|dig_Ve|asp7_Me_lord=moolatrikona||Ma,paksha|dig_Me|sade_sati_phase=KRISHNA||friendly||rising|dig_Sa=neutral|ex_trine_Sa_Su|asp10_Sa_lord=1||Ju
2026-12-01,WATCH_BULL,1.2562,2.6071,1.351,29,4,KRISHNA,23,Jaya,PurvaPhalguni,Vishkambha,inauspicious,Kaulava,Ma,friendly,neutral,friendly,0,0,1,1,Su,dig_Ve|dig_Me=moolatrikona||friendly|dig_Sa|elem_Mo=neutral||F|dig_Ve|asp7_Me_lord=moolatrikona||Ma,paksha|dig_Me|sade_sati_phase=KRISHNA||friendly||rising|dig_Sa=neutral|ex_trine_Sa_Su|asp10_Sa_lord=1||Ju
2026-12-02,WATCH_BULL,0.9647,1.8225,0.8579,20,3,KRISHNA,24,Rikta,UttaraPhalguni,Priti,auspicious,Garija,Me,friendly,neutral,friendly,0,0,0,1,Su,asp7_Me_Ju|deg_opp_Ra_Ju=0||1|asp7_Ju_Me|deg_opp_Ra_Ju=0||1|asp7_Me_Ke|deg_opp_Ra_Ju=0||1,dig_Sa=neutral|ex_trine_Sa_Su|asp10_Sa_lord=1||Ju|yoga_quality|dig_Sa=auspicious||neutral
2026-12-03,WATCH_BULL,1.4606,1.9044,0.4439,21,2,KRISHNA,25,Purna,Hasta,Ayushman,auspicious,Vishti,Ju,friendly,neutral,friendly,0,0,0,1,Su,asp7_Me_Ju|deg_opp_Ra_Ju=0||1|asp7_Ju_Me|deg_opp_Ra_Ju=0||1|asp7_Me_Ke|deg_opp_Ra_Ju=0||1,dig_Sa=neutral|yoga_quality|dig_Sa=auspicious||neutral
2026-12-04,WATCH_BULL,1.59,2.0339,0.4439,23,2,KRISHNA,26,Nanda,Chitra,Saubhagya,auspicious,Balava,Ve,friendly,neutral,friendly,0,0,0,1,Su,asp7_Me_Ju|deg_opp_Ra_Ju=0||1|asp7_Ju_Me|deg_opp_Ra_Ju=0||1|asp7_Me_Ke|deg_opp_Ra_Ju=0||1,dig_Sa=neutral|yoga_quality|dig_Sa=auspicious||neutral
2026-12-07,WATCH_BULL,2.3386,2.7825,0.4439,32,2,KRISHNA,29,Rikta,Anuradha,Sukarma,auspicious,Shakuni,Mo,friendly,neutral,debilitated,0,0,1,1,Su,paksha|dig_Sa|dig_Mo=KRISHNA||neutral||debilitated|asp7_Me_Ju|deg_opp_Ra_Ju=0||1|asp7_Ju_Me|deg_opp_Ra_Ju=0||1,dig_Sa=neutral|yoga_quality|dig_Sa=auspicious||neutral
2026-12-08,WATCH_BULL,2.0798,2.5237,0.4439,28,2,KRISHNA,30,Purna,Anuradha,Dhriti,auspicious,Naga,Ma,friendly,neutral,debilitated,0,1,1,1,Su,paksha|dig_Sa|dig_Mo=KRISHNA||neutral||debilitated|asp7_Me_Ju|deg_opp_Ra_Ju=0||1|asp7_Ju_Me|deg_opp_Ra_Ju=0||1,dig_Sa=neutral|yoga_quality|dig_Sa=auspicious||neutral
2026-12-09,WATCH_BULL,1.9018,2.3762,0.4744,27,2,SHUKLA,1,Nanda,Jyeshtha,Shoola,inauspicious,Kimstughna,Me,friendly,neutral,debilitated,0,1,1,1,Su,ix_paksha_moon_sign|asp5_Ju_lord=SHUKLA_Mo8||Ju|mod_Ju|nak_mo_name=X||Jyeshtha|asp7_Me_Ju|deg_opp_Ra_Ju=0||1,dig_Sa=neutral|paksha|dig_Sa=SHUKLA||neutral
2026-12-10,WATCH_BULL,0.9691,2.1451,1.1759,25,5,SHUKLA,2,Bhadra,Mula,Ganda,inauspicious,Balava,Ju,friendly,neutral,neutral,0,0,0,1,Su,dig_Sa|elem_Mo=neutral||F|asp7_Me_Ju|deg_opp_Ra_Ju=0||1|asp7_Ju_Me|deg_opp_Ra_Ju=0||1,dig_Mo|dig_Ma|dig_Me=neutral||friendly||neutral|dig_Sa|dig_Mo=neutral||neutral|dig_Sa=neutral
2026-12-11,WATCH_BULL,0.9307,2.1451,1.2143,25,5,SHUKLA,3,Jaya,PurvaAshadha,Vriddhi,auspicious,Taitila,Ve,friendly,neutral,neutral,0,0,0,1,Su,dig_Sa|elem_Mo=neutral||F|asp7_Me_Ju|deg_opp_Ra_Ju=0||1|asp7_Ju_Me|deg_opp_Ra_Ju=0||1,dig_Mo|dig_Ma|dig_Me=neutral||friendly||neutral|dig_Sa|dig_Mo=neutral||neutral|dig_Sa=neutral
2026-12-14,WATCH_BULL,1.3279,2.5422,1.2143,29,5,SHUKLA,5,Purna,Dhanishtha,Harshana,auspicious,Balava,Mo,friendly,neutral,neutral,0,0,0,1,Su,paksha|dig_Sa|hora_at_open=SHUKLA||neutral||Ma|asp7_Me_Ju|deg_opp_Ra_Ju=0||1|asp7_Ju_Me|deg_opp_Ra_Ju=0||1,dig_Mo|dig_Ma|dig_Me=neutral||friendly||neutral|dig_Sa|dig_Mo=neutral||neutral|dig_Sa=neutral
2026-12-15,WATCH_BULL,0.335,1.9627,1.6276,22,6,SHUKLA,6,Nanda,Shatabhisha,Vajra,inauspicious,Taitila,Ma,friendly,neutral,neutral,0,0,1,1,Su,asp7_Me_Ju|deg_opp_Ra_Ju=0||1|asp7_Ju_Me|deg_opp_Ra_Ju=0||1|asp7_Me_Ke|deg_opp_Ra_Ju=0||1,dig_Mo|dig_Ma|dig_Me=neutral||friendly||neutral|dig_Sa|dig_Mo=neutral||neutral|dig_Sa=neutral
2026-12-16,WATCH_BULL,0.2726,1.9916,1.719,23,8,SHUKLA,7,Bhadra,PurvaBhadrapada,Siddhi,auspicious,Vanija,Me,friendly,neutral,neutral,0,0,1,1,Su,asp7_Me_Ju|deg_opp_Ra_Ju=0||1|asp7_Ju_Me|deg_opp_Ra_Ju=0||1|asp7_Me_Ke|deg_opp_Ra_Ju=0||1,dig_Mo|dig_Ma|dig_Me=neutral||friendly||neutral|dig_Sa|dig_Mo=neutral||neutral|dig_Sa=neutral
2026-12-17,WATCH_BULL,0.9757,2.1517,1.1759,23,5,SHUKLA,8,Jaya,UttaraBhadrapada,Vyatipata,inauspicious,Bava,Ju,friendly,neutral,neutral,0,0,0,1,Su,mod_Su|ix_ju_dig_moon_sign=D||friendly_Mo12|asp7_Me_Ju|deg_opp_Ra_Ju=0||1|asp7_Ju_Me|deg_opp_Ra_Ju=0||1,dig_Mo|dig_Ma|dig_Me=neutral||friendly||neutral|dig_Sa|dig_Mo=neutral||neutral|dig_Sa=neutral
2026-12-18,WATCH_BULL,0.9373,2.1517,1.2143,23,5,SHUKLA,9,Rikta,Revati,Variyan,auspicious,Kaulava,Ve,friendly,neutral,neutral,0,0,0,1,Su,mod_Su|ix_ju_dig_moon_sign=D||friendly_Mo12|asp7_Me_Ju|deg_opp_Ra_Ju=0||1|asp7_Ju_Me|deg_opp_Ra_Ju=0||1,dig_Mo|dig_Ma|dig_Me=neutral||friendly||neutral|dig_Sa|dig_Mo=neutral||neutral|dig_Sa=neutral
2026-12-21,WATCH_BULL,0.1476,2.5928,2.4452,30,8,SHUKLA,12,Bhadra,Krittika,Siddha,auspicious,Balava,Mo,friendly,neutral,neutral,0,0,0,1,Su,dig_Sa|elem_Mo=neutral||F|paksha|dig_Sa|hora_at_open=SHUKLA||neutral||Ma|asp7_Me_Ju|deg_opp_Ra_Ju=0||1,dig_Mo|dig_Ma|dig_Me=neutral||friendly||neutral|dig_Sa|dig_Mo=neutral||neutral|dig_Sa=neutral
2026-12-22,WATCH_BULL,-0.2293,2.1385,2.3678,24,8,SHUKLA,14,Rikta,Rohini,Sadhya,auspicious,Garija,Ma,friendly,neutral,exalted,0,0,1,1,Su,deg_opp_Ra_Ju|asp7_Mo_lord=1||Ma|asp7_Me_Ju|deg_opp_Ra_Ju=0||1|asp7_Ju_Me|deg_opp_Ra_Ju=0||1,dig_Sa=neutral|paksha|dig_Sa=SHUKLA||neutral|deg_trine_Me_Ju|asp5_Ra_lord=1||Ve
2026-12-23,WATCH_BULL,-0.1485,2.2193,2.3678,27,8,SHUKLA,15,Purna,Mrigashira,Shukla,auspicious,Vishti,Me,friendly,neutral,exalted,0,0,1,1,Su,deg_opp_Ra_Ju|asp7_Mo_lord=1||Ma|asp7_Me_Ju|deg_opp_Ra_Ju=0||1|asp7_Ju_Me|deg_opp_Ra_Ju=0||1,dig_Sa=neutral|paksha|dig_Sa=SHUKLA||neutral|deg_trine_Me_Ju|asp5_Ra_lord=1||Ve
2026-12-24,WATCH_BULL,-0.1821,2.2804,2.4625,26,8,KRISHNA,16,Nanda,Ardra,Brahma,auspicious,Kaulava,Ju,friendly,neutral,friendly,0,0,0,1,Su,asp7_Su_Mo|deg_opp_Ra_Ju=1||1|asp7_Mo_Su|deg_opp_Ra_Ju=1||1|asp7_Me_Ju|deg_opp_Ra_Ju=0||1,dig_Sa=neutral|tithi_quality|dig_Ma|dig_Ve=Nanda||friendly||own|deg_trine_Me_Ju|asp5_Ra_lord=1||Ve
2026-12-28,WATCH_BULL,0.4098,2.2544,1.8446,29,7,KRISHNA,21,Nanda,PurvaPhalguni,Priti,auspicious,Garija,Mo,friendly,neutral,friendly,0,0,1,1,Su,dig_Sa|elem_Mo=neutral||F|asp7_Me_Ju|deg_opp_Ra_Ju=0||1|asp7_Ju_Me|deg_opp_Ra_Ju=0||1,dig_Sa=neutral|tithi_quality|dig_Ma|dig_Ve=Nanda||friendly||own|asp10_Sa_Me|asp5_Ju_lord=1||Ju
2026-12-29,WATCH_BULL,0.9339,1.9755,1.0416,24,4,KRISHNA,22,Bhadra,UttaraPhalguni,Saubhagya,auspicious,Vishti,Ma,friendly,neutral,friendly,0,0,1,1,Su,dig_Sa|elem_Mo=neutral||F|asp7_Me_Ju|deg_opp_Ra_Ju=0||1|asp7_Ju_Me|deg_opp_Ra_Ju=0||1,dig_Sa=neutral|asp10_Sa_Me|asp5_Ju_lord=1||Ju|asp10_Sa_Me|asp7_Ke_lord=1||Sa
2026-12-30,WATCH_BULL,0.8809,1.9225,1.0416,23,4,KRISHNA,23,Jaya,Hasta,Shobhana,auspicious,Balava,Me,friendly,neutral,friendly,0,0,0,1,Su,asp7_Me_Ju|deg_opp_Ra_Ju=0||1|asp7_Ju_Me|deg_opp_Ra_Ju=0||1|asp7_Me_Ke|deg_opp_Ra_Ju=0||1,dig_Sa=neutral|asp10_Sa_Me|asp5_Ju_lord=1||Ju|asp10_Sa_Me|asp7_Ke_lord=1||Sa
2026-12-31,WATCH_BULL,0.9458,1.9225,0.9767,23,3,KRISHNA,24,Rikta,Chitra,Atiganda,inauspicious,Taitila,Ju,friendly,neutral,friendly,0,0,0,1,Su,asp7_Me_Ju|deg_opp_Ra_Ju=0||1|asp7_Ju_Me|deg_opp_Ra_Ju=0||1|asp7_Me_Ke|deg_opp_Ra_Ju=0||1,dig_Sa=neutral|asp10_Sa_Me|asp5_Ju_lord=1||Ju|asp10_Sa_Me|asp7_Ke_lord=1||Sa
2027-01-01,WATCH_BULL,0.3605,2.0772,1.7166,24,6,KRISHNA,25,Purna,Swati,Sukarma,auspicious,Vanija,Ve,friendly,neutral,neutral,0,0,0,1,Su,deg_opp_Ra_Ju|asp7_Mo_lord=1||Ma|asp7_Me_Ju|deg_opp_Ra_Ju=0||1|asp7_Ju_Me|deg_opp_Ra_Ju=0||1,dig_Mo|dig_Ma|dig_Me=neutral||friendly||neutral|dig_Sa|dig_Mo=neutral||neutral|dig_Sa=neutral
2027-01-04,WATCH_BULL,1.6621,2.6388,0.9767,31,3,KRISHNA,27,Bhadra,Anuradha,Ganda,inauspicious,Taitila,Mo,friendly,neutral,debilitated,0,0,1,1,Su,paksha|dig_Sa|dig_Mo=KRISHNA||neutral||debilitated|asp7_Me_Ju|deg_opp_Ra_Ju=0||1|asp7_Ju_Me|deg_opp_Ra_Ju=0||1,dig_Sa=neutral|asp10_Sa_Me|asp5_Ju_lord=1||Ju|asp10_Sa_Me|asp7_Ke_lord=1||Sa
2027-01-05,WATCH_BULL,1.4075,2.449,1.0416,28,4,KRISHNA,28,Jaya,Jyeshtha,Vriddhi,auspicious,Vanija,Ma,friendly,neutral,debilitated,0,0,1,1,Su,paksha|dig_Sa|dig_Mo=KRISHNA||neutral||debilitated|mod_Ju|nak_mo_name=X||Jyeshtha|asp7_Me_Ju|deg_opp_Ra_Ju=0||1,dig_Sa=neutral|asp10_Sa_Me|asp5_Ju_lord=1||Ju|asp10_Sa_Me|asp7_Ke_lord=1||Sa
2027-01-06,WATCH_BULL,0.31,2.0531,1.7431,26,7,KRISHNA,29,Rikta,Mula,Dhruva,auspicious,Shakuni,Me,friendly,neutral,neutral,0,0,0,1,Su,dig_Sa|elem_Mo=neutral||F|asp7_Me_Ju|deg_opp_Ra_Ju=0||1|asp7_Ju_Me|deg_opp_Ra_Ju=0||1,dig_Mo|dig_Ma|dig_Me=neutral||friendly||neutral|dig_Sa|dig_Mo=neutral||neutral|dig_Sa=neutral
2027-01-07,WATCH_BULL,0.3231,2.0014,1.6782,24,6,KRISHNA,30,Purna,PurvaAshadha,Vyaghata,inauspicious,Naga,Ju,friendly,neutral,neutral,0,1,0,1,Su,dig_Sa|elem_Mo=neutral||F|asp7_Me_Ju|deg_opp_Ra_Ju=0||1|asp7_Ju_Me|deg_opp_Ra_Ju=0||1,dig_Mo|dig_Ma|dig_Me=neutral||friendly||neutral|dig_Sa|dig_Mo=neutral||neutral|dig_Sa=neutral
2027-01-08,WATCH_BULL,0.1073,1.9194,1.812,22,7,SHUKLA,1,Nanda,UttaraAshadha,Harshana,auspicious,Bava,Ve,friendly,neutral,neutral,0,1,0,1,Su,asp7_Me_Ju|deg_opp_Ra_Ju=0||1|asp7_Ju_Me|deg_opp_Ra_Ju=0||1|asp7_Me_Ke|deg_opp_Ra_Ju=0||1,dig_Mo|dig_Ma|dig_Me=neutral||friendly||neutral|dig_Sa|dig_Mo=neutral||neutral|dig_Sa=neutral
2027-01-11,WATCH_BULL,-0.6558,2.0749,2.7307,23,9,SHUKLA,4,Rikta,Dhanishtha,Siddhi,auspicious,Vanija,Mo,friendly,neutral,neutral,0,0,1,1,Su,paksha|dig_Sa|hora_at_open=SHUKLA||neutral||Ma|asp7_Me_Ju|deg_opp_Ra_Ju=0||1|asp7_Ju_Me|deg_opp_Ra_Ju=0||1,dig_Mo|dig_Ma|dig_Me=neutral||friendly||neutral|dig_Sa|dig_Mo=neutral||neutral|dig_Sa=neutral
2027-01-12,WATCH_BULL,-1.0411,1.6247,2.6658,18,8,SHUKLA,5,Purna,Shatabhisha,Vyatipata,inauspicious,Bava,Ma,friendly,neutral,neutral,0,0,1,1,Su,asp7_Me_Ju|deg_opp_Ra_Ju=0||1|asp7_Ju_Me|deg_opp_Ra_Ju=0||1|asp10_Sa_Me|deg_opp_Ra_Ju=0||1,dig_Mo|dig_Ma|dig_Me=neutral||friendly||neutral|dig_Sa|dig_Mo=neutral||neutral|dig_Sa=neutral
2027-01-13,WATCH_BULL,-0.4653,1.8137,2.279,19,8,SHUKLA,6,Nanda,PurvaBhadrapada,Variyan,auspicious,Kaulava,Me,friendly,neutral,neutral,0,0,0,1,Su,mod_Su|ix_ju_dig_moon_sign=D||friendly_Mo12|asp7_Me_Ju|deg_opp_Ra_Ju=0||1|asp7_Ju_Me|deg_opp_Ra_Ju=0||1,dig_Mo|dig_Ma|dig_Me=neutral||friendly||neutral|dig_Sa|dig_Mo=neutral||neutral|dig_Sa=neutral
2027-01-14,WATCH_BULL,-0.4653,1.8137,2.279,19,8,SHUKLA,7,Bhadra,UttaraBhadrapada,Shiva,auspicious,Garija,Ju,friendly,neutral,neutral,0,0,0,1,Su,mod_Su|ix_ju_dig_moon_sign=D||friendly_Mo12|asp7_Me_Ju|deg_opp_Ra_Ju=0||1|asp7_Ju_Me|deg_opp_Ra_Ju=0||1,dig_Mo|dig_Ma|dig_Me=neutral||friendly||neutral|dig_Sa|dig_Mo=neutral||neutral|dig_Sa=neutral
2027-01-15,WATCH_BULL,-3.8098,1.4363,5.2461,16,16,SHUKLA,8,Jaya,Revati,Siddha,auspicious,Vishti,Ve,friendly,neutral,neutral,0,0,0,1,Su,asp7_Me_Ju|deg_opp_Ra_Ju=0||1|asp7_Ju_Me|deg_opp_Ra_Ju=0||1|asp10_Sa_Me|deg_opp_Ra_Ju=0||1,dig_Mo|dig_Ma|dig_Me=neutral||friendly||neutral|dig_Sa|dig_Mo=neutral||neutral|dig_Sa=neutral
2027-01-18,WATCH_BULL,-2.5299,2.0411,4.571,22,14,SHUKLA,11,Nanda,Krittika,Shukla,auspicious,Vanija,Mo,friendly,neutral,exalted,0,0,1,1,Su,paksha|dig_Sa|hora_at_open=SHUKLA||neutral||Ma|deg_opp_Ra_Ju|asp7_Mo_lord=1||Ma|asp7_Me_Ju|deg_opp_Ra_Ju=0||1,dig_Sa=neutral|paksha|dig_Sa=SHUKLA||neutral|asp7_Me_lord|asp7_Ve_lord=Mo||Ve
2027-01-19,WATCH_BULL,-2.98,1.591,4.571,17,14,SHUKLA,12,Bhadra,Rohini,Brahma,auspicious,Bava,Ma,friendly,neutral,exalted,0,0,1,1,Su,deg_opp_Ra_Ju|asp7_Mo_lord=1||Ma|asp7_Me_Ju|deg_opp_Ra_Ju=0||1|asp7_Ju_Me|deg_opp_Ra_Ju=0||1,dig_Sa=neutral|paksha|dig_Sa=SHUKLA||neutral|asp7_Me_lord|asp7_Ve_lord=Mo||Ve
2027-01-20,WATCH_BULL,-3.1348,1.4363,4.571,16,14,SHUKLA,13,Jaya,Ardra,Indra,auspicious,Taitila,Me,friendly,neutral,friendly,0,0,0,1,Su,asp7_Me_Ju|deg_opp_Ra_Ju=0||1|asp7_Ju_Me|deg_opp_Ra_Ju=0||1|asp10_Sa_Me|deg_opp_Ra_Ju=0||1,dig_Sa=neutral|paksha|dig_Sa=SHUKLA||neutral|asp7_Me_lord|asp7_Ve_lord=Mo||Ve
2027-01-21,WATCH_BULL,-3.0699,1.4363,4.5061,16,13,SHUKLA,14,Rikta,Punarvasu,Vaidhriti,inauspicious,Vanija,Ju,friendly,neutral,friendly,0,0,0,1,Su,asp7_Me_Ju|deg_opp_Ra_Ju=0||1|asp7_Ju_Me|deg_opp_Ra_Ju=0||1|asp10_Sa_Me|deg_opp_Ra_Ju=0||1,dig_Sa=neutral|paksha|dig_Sa=SHUKLA||neutral|asp7_Me_lord|asp7_Ve_lord=Mo||Ve
2027-01-22,WATCH_BULL,-2.7601,1.8109,4.571,20,14,SHUKLA,15,Purna,Pushya,Priti,auspicious,Bava,Ve,friendly,neutral,own,0,0,0,1,Su,asp7_Su_Mo|deg_opp_Ra_Ju=1||1|asp7_Mo_Su|deg_opp_Ra_Ju=1||1|asp7_Me_Ju|deg_opp_Ra_Ju=0||1,dig_Sa=neutral|paksha|dig_Sa=SHUKLA||neutral|asp7_Me_lord|asp7_Ve_lord=Mo||Ve
2027-01-25,WATCH_BULL,-4.11,1.5518,5.6618,20,18,KRISHNA,19,Rikta,PurvaPhalguni,Shobhana,auspicious,Bava,Mo,exalted,neutral,friendly,0,0,0,1,Su,dig_Sa|elem_Mo=neutral||F|asp10_Sa_Me|deg_opp_Ra_Ju=0||1|deg_opp_Ra_Ju|ex_trine_Ju_Ma=1||0,dig_Sa=neutral|asp7_Me_lord|asp7_Ve_lord=Mo||Ve|asp_Me_dom_Mo|asp7_Ve_lord=1||Ve
2027-01-26,WATCH_BULL,-4.0142,1.2199,5.234,14,15,KRISHNA,20,Purna,UttaraPhalguni,Atiganda,inauspicious,Taitila,Ma,exalted,neutral,friendly,0,0,0,1,Su,asp10_Sa_Me|deg_opp_Ra_Ju=0||1|deg_opp_Ra_Ju|ex_trine_Ju_Ma=1||0|deg_opp_Ra_Ju|deg_sq_Ra_Sa=1||0,dig_Sa=neutral|asp7_Me_lord|asp7_Ve_lord=Mo||Ve|asp_Me_dom_Mo|asp7_Ve_lord=1||Ve
2027-01-27,WATCH_BULL,-5.0531,1.2199,6.273,14,19,KRISHNA,21,Nanda,Hasta,Sukarma,auspicious,Vanija,Me,exalted,neutral,friendly,0,0,0,1,Su,asp10_Sa_Me|deg_opp_Ra_Ju=0||1|deg_opp_Ra_Ju|ex_trine_Ju_Ma=1||0|deg_opp_Ra_Ju|deg_sq_Ra_Sa=1||0,dig_Sa=neutral|asp7_Me_lord|asp7_Ve_lord=Mo||Ve|asp_Me_dom_Mo|asp7_Ve_lord=1||Ve
2027-01-28,WATCH_BULL,-5.3585,2.0701,7.4286,23,23,KRISHNA,22,Bhadra,Chitra,Shoola,inauspicious,Bava,Ju,exalted,neutral,neutral,0,0,1,1,Su,asp7_Ma_Me|asp5_Ju_lord=1||Ma|asp7_Me_Ma|asp5_Ju_lord=1||Ma|deg_opp_Ra_Ju|asp7_Mo_lord=1||Ma,dig_Mo|dig_Ma|dig_Me=neutral||friendly||neutral|dig_Sa|dig_Mo=neutral||neutral|dig_Sa=neutral
2027-01-29,WATCH_BULL,-5.361,2.0412,7.4021,22,22,KRISHNA,23,Jaya,Swati,Ganda,inauspicious,Kaulava,Ve,exalted,neutral,neutral,0,0,1,1,Su,asp7_Ma_Me|asp5_Ju_lord=1||Ma|asp7_Me_Ma|asp5_Ju_lord=1||Ma|deg_opp_Ra_Ju|asp7_Mo_lord=1||Ma,dig_Mo|dig_Ma|dig_Me=neutral||friendly||neutral|dig_Sa|dig_Mo=neutral||neutral|dig_Sa=neutral
2027-02-01,WATCH_BULL,-2.2161,2.5839,4.8,29,15,KRISHNA,26,Nanda,Jyeshtha,Vyaghata,inauspicious,Bava,Mo,exalted,neutral,debilitated,0,0,0,1,Su,paksha|dig_Sa|dig_Mo=KRISHNA||neutral||debilitated|asp7_Ma_Me|asp5_Ju_lord=1||Ma|asp7_Me_Ma|asp5_Ju_lord=1||Ma,dig_Sa=neutral|ex_sext_Sa_Su|asp5_Ra_lord=1||Ve|ex_sext_Sa_Su|asp5_Ke_lord=1||Ma
2027-02-02,WATCH_BULL,-2.2137,2.0038,4.2175,23,13,KRISHNA,27,Bhadra,Mula,Vyaghata,inauspicious,Kaulava,Ma,exalted,neutral,neutral,0,0,0,1,Su,dig_Sa|elem_Mo=neutral||F|asp7_Ma_Me|asp5_Ju_lord=1||Ma|asp7_Me_Ma|asp5_Ju_lord=1||Ma,dig_Mo|dig_Ma|dig_Me=neutral||friendly||neutral|dig_Sa|dig_Mo=neutral||neutral|dig_Sa=neutral
2027-02-03,WATCH_BULL,-0.9296,3.3793,4.3089,60,15,KRISHNA,28,Jaya,PurvaAshadha,Harshana,auspicious,Garija,Me,exalted,neutral,neutral,0,0,0,1,Su,dig_Sa|elem_Mo=neutral||F|asp7_Ma_Me|asp5_Ju_lord=1||Ma|asp7_Me_Ma|asp5_Ju_lord=1||Ma,dig_Mo|dig_Ma|dig_Me=neutral||friendly||neutral|dig_Sa|dig_Mo=neutral||neutral|dig_Sa=neutral
2027-02-04,WATCH_BULL,-0.8648,3.3793,4.244,60,14,KRISHNA,29,Rikta,UttaraAshadha,Vajra,inauspicious,Vishti,Ju,exalted,neutral,neutral,0,0,0,1,Su,dig_Sa|elem_Mo=neutral||F|asp7_Ma_Me|asp5_Ju_lord=1||Ma|asp7_Me_Ma|asp5_Ju_lord=1||Ma,dig_Mo|dig_Ma|dig_Me=neutral||friendly||neutral|dig_Sa|dig_Mo=neutral||neutral|dig_Sa=neutral
2027-02-05,WATCH_BULL,-0.9561,3.3263,4.2824,59,14,KRISHNA,29,Rikta,UttaraAshadha,Siddhi,auspicious,Shakuni,Ve,exalted,neutral,neutral,0,0,1,1,Su,asp7_Ma_Me|asp5_Ju_lord=1||Ma|asp7_Me_Ma|asp5_Ju_lord=1||Ma|asp7_Me_Ju|deg_opp_Ra_Ju=0||1,dig_Mo|dig_Ma|dig_Me=neutral||friendly||neutral|dig_Sa|dig_Mo=neutral||neutral|dig_Sa=neutral
2027-02-08,WATCH_BULL,-0.9819,3.8092,4.7911,65,16,SHUKLA,2,Bhadra,Shatabhisha,Parigha,inauspicious,Kaulava,Mo,exalted,neutral,neutral,0,0,0,1,Su,paksha|dig_Sa|hora_at_open=SHUKLA||neutral||Ma|asp7_Ma_Me|asp5_Ju_lord=1||Ma|asp7_Me_Ma|asp5_Ju_lord=1||Ma,dig_Mo|dig_Ma|dig_Me=neutral||friendly||neutral|dig_Sa|dig_Mo=neutral||neutral|dig_Sa=neutral
2027-02-09,WATCH_BULL,-1.4969,3.3591,4.856,60,17,SHUKLA,3,Jaya,PurvaBhadrapada,Shiva,auspicious,Garija,Ma,exalted,neutral,neutral,0,0,0,1,Su,asp7_Ma_Me|asp5_Ju_lord=1||Ma|asp7_Me_Ma|asp5_Ju_lord=1||Ma|asp7_Me_Ju|deg_opp_Ra_Ju=0||1,dig_Mo|dig_Ma|dig_Me=neutral||friendly||neutral|dig_Sa|dig_Mo=neutral||neutral|dig_Sa=neutral
2027-02-10,WATCH_BULL,-1.0821,3.3222,4.4043,59,16,SHUKLA,4,Rikta,UttaraBhadrapada,Siddha,auspicious,Vishti,Me,exalted,neutral,neutral,1,0,0,1,Su,asp7_Ma_Me|asp5_Ju_lord=1||Ma|asp7_Me_Ma|asp5_Ju_lord=1||Ma|asp7_Me_Ju|deg_opp_Ra_Ju=0||1,dig_Mo|dig_Ma|dig_Me=neutral||friendly||neutral|dig_Sa|dig_Mo=neutral||neutral|dig_Sa=neutral
2027-02-11,WATCH_BULL,-1.0821,3.3222,4.4043,59,16,SHUKLA,5,Purna,Revati,Sadhya,auspicious,Balava,Ju,exalted,neutral,neutral,1,0,0,1,Su,asp7_Ma_Me|asp5_Ju_lord=1||Ma|asp7_Me_Ma|asp5_Ju_lord=1||Ma|asp7_Me_Ju|deg_opp_Ra_Ju=0||1,dig_Mo|dig_Ma|dig_Me=neutral||friendly||neutral|dig_Sa|dig_Mo=neutral||neutral|dig_Sa=neutral
2027-02-12,WATCH_BULL,-0.9657,3.4121,4.3778,61,15,SHUKLA,6,Nanda,Ashwini,Shubha,auspicious,Taitila,Ve,exalted,neutral,neutral,1,0,1,1,Su,dig_Sa|elem_Mo=neutral||F|asp7_Ma_Me|asp5_Ju_lord=1||Ma|asp7_Me_Ma|asp5_Ju_lord=1||Ma,dig_Mo|dig_Ma|dig_Me=neutral||friendly||neutral|dig_Sa|dig_Mo=neutral||neutral|dig_Sa=neutral
2027-02-15,WATCH_BULL,-0.6039,2.7441,3.3481,30,12,SHUKLA,9,Rikta,Rohini,Vaidhriti,inauspicious,Kaulava,Mo,exalted,neutral,exalted,1,0,0,1,Su,paksha|dig_Sa|hora_at_open=SHUKLA||neutral||Ma|asp7_Ma_Me|asp5_Ju_lord=1||Ma|asp7_Me_Ma|asp5_Ju_lord=1||Ma,dig_Sa=neutral|paksha|dig_Sa=SHUKLA||neutral|asp7_Su_lord|asp7_Ke_lord=Su||Sa
2027-02-16,WATCH_BULL,-1.2088,2.1393,3.3481,24,12,SHUKLA,10,Purna,Mrigashira,Vishkambha,inauspicious,Garija,Ma,exalted,neutral,friendly,1,0,0,1,Su,asp7_Ma_Me|asp5_Ju_lord=1||Ma|asp7_Me_Ma|asp5_Ju_lord=1||Ma|asp7_Me_Ju|deg_opp_Ra_Ju=0||1,dig_Sa=neutral|paksha|dig_Sa=SHUKLA||neutral|asp7_Su_lord|asp7_Ke_lord=Su||Sa
2027-02-17,WATCH_BULL,-1.2737,2.1393,3.4129,24,13,SHUKLA,11,Nanda,Ardra,Priti,auspicious,Vishti,Me,exalted,neutral,friendly,1,0,0,1,Su,asp7_Ma_Me|asp5_Ju_lord=1||Ma|asp7_Me_Ma|asp5_Ju_lord=1||Ma|asp7_Me_Ju|deg_opp_Ra_Ju=0||1,dig_Sa=neutral|paksha|dig_Sa=SHUKLA||neutral|asp7_Su_lord|asp7_Ke_lord=Su||Sa
2027-02-18,WATCH_BULL,-0.705,2.7079,3.4129,30,13,SHUKLA,13,Jaya,Punarvasu,Ayushman,auspicious,Kaulava,Ju,exalted,neutral,own,1,0,1,1,Su,asp7_Ma_Me|asp7_Ra_Mo=1||1|asp7_Mo_Ra|asp7_Ma_Me=1||1|asp7_Mo_Ra|asp7_Me_Ma=1||1,dig_Sa=neutral|paksha|dig_Sa=SHUKLA||neutral|asp7_Su_lord|asp7_Ke_lord=Su||Sa
2027-02-19,WATCH_BULL,-0.705,2.7079,3.4129,30,13,SHUKLA,14,Rikta,Pushya,Saubhagya,auspicious,Garija,Ve,exalted,neutral,own,1,0,1,1,Su,asp7_Ma_Me|asp7_Ra_Mo=1||1|asp7_Mo_Ra|asp7_Ma_Me=1||1|asp7_Mo_Ra|asp7_Me_Ma=1||1,dig_Sa=neutral|paksha|dig_Sa=SHUKLA||neutral|asp7_Su_lord|asp7_Ke_lord=Su||Sa
2027-02-22,WATCH_BULL,-0.995,2.7186,3.7136,31,14,KRISHNA,17,Bhadra,UttaraPhalguni,Dhriti,auspicious,Garija,Mo,exalted,neutral,friendly,1,0,0,1,Su,dig_Sa|elem_Mo=neutral||F|asp7_Su_Mo|deg_opp_Ra_Ju=1||1|asp7_Mo_Su|deg_opp_Ra_Ju=1||1,dig_Sa=neutral|asp7_Su_lord|asp7_Ke_lord=Su||Sa|asp7_Su_lord|asp5_Ra_lord=Su||Ve
2027-02-23,WATCH_BULL,-1.1134,2.1393,3.2527,24,11,KRISHNA,18,Jaya,Hasta,Shoola,inauspicious,Vishti,Ma,exalted,neutral,friendly,1,0,0,1,Su,asp7_Ma_Me|asp5_Ju_lord=1||Ma|asp7_Me_Ma|asp5_Ju_lord=1||Ma|asp7_Me_Ju|deg_opp_Ra_Ju=0||1,dig_Sa=neutral|asp7_Su_lord|asp7_Ke_lord=Su||Sa|asp7_Su_lord|asp5_Ra_lord=Su||Ve
2027-02-24,WATCH_BULL,-3.0149,1.452,4.4668,17,15,KRISHNA,19,Rikta,Chitra,Ganda,inauspicious,Balava,Me,exalted,neutral,friendly,1,0,0,1,Su,asp10_Sa_Me|deg_opp_Ra_Ju=0||1|deg_opp_Ra_Ju|ex_trine_Ju_Ma=1||0|asp4_Ma_Ve|deg_opp_Ra_Ju=0||1,dig_Sa=neutral|asp7_Su_lord|asp7_Ke_lord=Su||Sa|asp7_Ve_Ke|asp7_Su_lord=1||Su
2027-02-25,WATCH_BULL,-3.7407,1.4926,5.2333,17,19,KRISHNA,20,Purna,Swati,Vriddhi,auspicious,Taitila,Ju,exalted,neutral,neutral,1,0,1,1,Su,deg_opp_Ra_Ju|asp7_Mo_lord=1||Ma|asp10_Sa_Me|deg_opp_Ra_Ju=0||1|deg_opp_Ra_Ju|ex_trine_Ju_Ma=1||0,dig_Mo|dig_Ma|dig_Me=neutral||friendly||neutral|dig_Sa|dig_Mo=neutral||neutral|dig_Sa=neutral
2027-02-26,WATCH_BULL,-3.7432,1.4636,5.2068,16,18,KRISHNA,21,Nanda,Vishakha,Dhruva,auspicious,Vanija,Ve,exalted,neutral,neutral,1,0,1,1,Su,deg_opp_Ra_Ju|asp7_Mo_lord=1||Ma|asp10_Sa_Me|deg_opp_Ra_Ju=0||1|deg_opp_Ra_Ju|ex_trine_Ju_Ma=1||0,dig_Mo|dig_Ma|dig_Me=neutral||friendly||neutral|dig_Sa|dig_Mo=neutral||neutral|dig_Sa=neutral
2027-03-01,WATCH_BULL,-4.5773,1.6206,6.1979,20,19,KRISHNA,24,Rikta,Mula,Vajra,inauspicious,Garija,Mo,exalted,neutral,neutral,1,0,0,1,Su,dig_Sa|elem_Mo=neutral||F|asp10_Sa_Me|deg_opp_Ra_Ju=0||1|deg_opp_Ra_Ju|ex_trine_Ju_Ma=1||0,dig_Mo|dig_Ma|dig_Me=neutral||friendly||neutral|dig_Sa|dig_Mo=neutral||neutral|dig_Sa=neutral
2027-03-02,WATCH_BULL,-4.9009,1.3619,6.2628,16,20,KRISHNA,25,Purna,Mula,Siddhi,auspicious,Vishti,Ma,exalted,neutral,neutral,1,0,0,1,Su,dig_Sa|elem_Mo=neutral||F|asp10_Sa_Me|deg_opp_Ra_Ju=0||1|deg_opp_Ra_Ju|ex_trine_Ju_Ma=1||0,dig_Mo|dig_Ma|dig_Me=neutral||friendly||neutral|dig_Sa|dig_Mo=neutral||neutral|dig_Sa=neutral
2027-03-03,WATCH_BULL,-4.8625,1.3619,6.2244,16,20,KRISHNA,26,Nanda,PurvaAshadha,Vyatipata,inauspicious,Bava,Me,exalted,neutral,neutral,1,0,0,1,Su,dig_Sa|elem_Mo=neutral||F|asp10_Sa_Me|deg_opp_Ra_Ju=0||1|deg_opp_Ra_Ju|ex_trine_Ju_Ma=1||0,dig_Mo|dig_Ma|dig_Me=neutral||friendly||neutral|dig_Sa|dig_Mo=neutral||neutral|dig_Sa=neutral
2027-03-04,WATCH_BULL,-5.3294,1.3089,6.6382,15,22,KRISHNA,27,Bhadra,UttaraAshadha,Variyan,auspicious,Kaulava,Ju,exalted,neutral,neutral,0,0,1,1,Su,asp10_Sa_Me|deg_opp_Ra_Ju=0||1|deg_opp_Ra_Ju|ex_trine_Ju_Ma=1||0|asp4_Ma_Ve|deg_opp_Ra_Ju=0||1,dig_Mo|dig_Ma|dig_Me=neutral||friendly||neutral|dig_Sa|dig_Mo=neutral||neutral|dig_Sa=neutral
2027-03-05,WATCH_BULL,-5.238,1.3089,6.5469,15,20,KRISHNA,28,Jaya,Shravana,Parigha,inauspicious,Garija,Ve,exalted,neutral,neutral,0,0,1,1,Su,asp10_Sa_Me|deg_opp_Ra_Ju=0||1|deg_opp_Ra_Ju|ex_trine_Ju_Ma=1||0|asp4_Ma_Ve|deg_opp_Ra_Ju=0||1,dig_Mo|dig_Ma|dig_Me=neutral||friendly||neutral|dig_Sa|dig_Mo=neutral||neutral|dig_Sa=neutral
2027-03-08,WATCH_BULL,-5.0773,1.759,6.8363,20,23,SHUKLA,1,Nanda,PurvaBhadrapada,Sadhya,auspicious,Kimstughna,Mo,exalted,neutral,neutral,0,1,0,1,Su,paksha|dig_Sa|hora_at_open=SHUKLA||neutral||Ma|asp10_Sa_Me|deg_opp_Ra_Ju=0||1|deg_opp_Ra_Ju|ex_trine_Ju_Ma=1||0,dig_Mo|dig_Ma|dig_Me=neutral||friendly||neutral|dig_Sa|dig_Mo=neutral||neutral|dig_Sa=neutral
2027-03-09,WATCH_BULL,-5.0493,1.3089,6.3582,15,21,SHUKLA,2,Bhadra,UttaraBhadrapada,Shubha,auspicious,Balava,Ma,exalted,neutral,neutral,0,0,0,1,Su,asp10_Sa_Me|deg_opp_Ra_Ju=0||1|deg_opp_Ra_Ju|ex_trine_Ju_Ma=1||0|asp4_Ma_Ve|deg_opp_Ra_Ju=0||1,dig_Mo|dig_Ma|dig_Me=neutral||friendly||neutral|dig_Sa|dig_Mo=neutral||neutral|dig_Sa=neutral
2027-03-10,WATCH_BULL,-3.8856,1.67,5.5556,18,19,SHUKLA,3,Jaya,Revati,Shukla,auspicious,Taitila,Me,exalted,neutral,neutral,0,0,0,1,Su,asp7_Ma_Me|asp5_Ju_lord=1||Ma|asp7_Me_Ma|asp5_Ju_lord=1||Ma|asp_Ma_dom_Ve|deg_opp_Ra_Ju=1||1,dig_Sa|dig_Mo=neutral||neutral|dig_Sa=neutral|paksha|dig_Sa=SHUKLA||neutral
2027-03-11,WATCH_BULL,-3.8326,1.723,5.5556,19,19,SHUKLA,4,Rikta,Ashwini,Brahma,auspicious,Vanija,Ju,exalted,neutral,neutral,0,0,1,1,Su,dig_Sa|elem_Mo=neutral||F|asp7_Ma_Me|asp5_Ju_lord=1||Ma|asp7_Me_Ma|asp5_Ju_lord=1||Ma,dig_Sa|dig_Mo=neutral||neutral|dig_Sa=neutral|paksha|dig_Sa=SHUKLA||neutral
2027-03-12,WATCH_BULL,-3.5548,2.0363,5.5911,22,18,SHUKLA,5,Purna,Bharani,Indra,auspicious,Bava,Ve,exalted,neutral,neutral,0,0,1,1,Su,dig_Sa|elem_Mo=neutral||F|asp_Ma_dom_Ve|deg_opp_Ra_Ju=1||1|asp7_Me_Ju|deg_opp_Ra_Ju=0||1,dig_Sa|dig_Mo=neutral||neutral|dig_Sa=neutral|paksha|dig_Sa=SHUKLA||neutral
2027-03-15,WATCH_BULL,0.5844,2.5882,2.0038,27,7,SHUKLA,8,Jaya,Mrigashira,Ayushman,auspicious,Vishti,Mo,exalted,neutral,exalted,0,0,0,1,Su,paksha|dig_Sa|hora_at_open=SHUKLA||neutral||Ma|deg_opp_Ra_Ju|asp7_Mo_lord=1||Ma|asp_Ma_dom_Ve|deg_opp_Ra_Ju=1||1,dig_Sa=neutral|paksha|dig_Sa=SHUKLA||neutral|deg_conj_Ju_Ma|asp5_Ju_lord=1||Ma
2027-03-16,WATCH_BULL,-0.0205,1.9833,2.0038,21,7,SHUKLA,9,Rikta,Ardra,Saubhagya,auspicious,Balava,Ma,exalted,neutral,friendly,0,0,0,1,Su,asp_Ma_dom_Ve|deg_opp_Ra_Ju=1||1|asp7_Me_Ju|deg_opp_Ra_Ju=0||1|asp7_Ju_Me|deg_opp_Ra_Ju=0||1,dig_Sa=neutral|paksha|dig_Sa=SHUKLA||neutral|deg_conj_Ju_Ma|asp5_Ju_lord=1||Ma
2027-03-17,WATCH_BULL,-0.0205,1.9833,2.0038,21,7,SHUKLA,10,Purna,Punarvasu,Shobhana,auspicious,Taitila,Me,exalted,neutral,friendly,0,0,0,1,Su,asp_Ma_dom_Ve|deg_opp_Ra_Ju=1||1|asp7_Me_Ju|deg_opp_Ra_Ju=0||1|asp7_Ju_Me|deg_opp_Ra_Ju=0||1,dig_Sa=neutral|paksha|dig_Sa=SHUKLA||neutral|deg_conj_Ju_Ma|asp5_Ju_lord=1||Ma
2027-03-18,WATCH_BULL,0.1514,2.0904,1.9389,23,6,SHUKLA,11,Nanda,Pushya,Atiganda,inauspicious,Vishti,Ju,exalted,neutral,own,0,0,1,1,Su,asp_Ma_dom_Ve|deg_opp_Ra_Ju=1||1|asp7_Me_Ju|deg_opp_Ra_Ju=0||1|asp7_Ju_Me|deg_opp_Ra_Ju=0||1,dig_Sa=neutral|paksha|dig_Sa=SHUKLA||neutral|deg_conj_Ju_Ma|asp5_Ju_lord=1||Ma
2027-03-19,WATCH_BULL,0.2569,2.2607,2.0038,24,7,SHUKLA,12,Bhadra,Ashlesha,Sukarma,auspicious,Balava,Ve,exalted,neutral,own,0,0,1,1,Su,deg_opp_Ra_Mo|asp7_Ve_lord=1||Mo|asp_Ma_dom_Ve|deg_opp_Ra_Ju=1||1|asp7_Me_Ju|deg_opp_Ra_Ju=0||1,dig_Sa=neutral|paksha|dig_Sa=SHUKLA||neutral|deg_conj_Ju_Ma|asp5_Ju_lord=1||Ma
2027-03-22,WATCH_BULL,0.0415,2.6095,2.568,28,8,KRISHNA,16,Nanda,UttaraPhalguni,Vriddhi,auspicious,Balava,Mo,exalted,neutral,friendly,0,0,0,1,Su,asp7_Su_Mo|deg_opp_Ra_Ju=1||1|asp7_Mo_Su|deg_opp_Ra_Ju=1||1|asp_Ma_dom_Ve|deg_opp_Ra_Ju=1||1,dig_Sa=neutral|deg_conj_Ju_Ma|asp5_Ju_lord=1||Ma|asp7_Me_lord|asp5_Ju_lord=Su||Ma
2027-03-23,WATCH_BULL,-0.2172,2.3508,2.568,24,8,KRISHNA,17,Bhadra,Hasta,Dhruva,auspicious,Taitila,Ma,exalted,neutral,friendly,0,0,0,1,Su,asp7_Su_Mo|deg_opp_Ra_Ju=1||1|asp7_Mo_Su|deg_opp_Ra_Ju=1||1|asp_Ma_dom_Ve|deg_opp_Ra_Ju=1||1,dig_Sa=neutral|deg_conj_Ju_Ma|asp5_Ju_lord=1||Ma|asp7_Me_lord|asp5_Ju_lord=Su||Ma
2027-03-24,WATCH_BULL,-0.6259,2.2669,2.8928,24,9,KRISHNA,18,Jaya,Chitra,Vyaghata,inauspicious,Vanija,Me,exalted,neutral,neutral,0,0,1,1,Su,deg_opp_Ra_Ju|asp7_Mo_lord=1||Ma|asp_Ma_dom_Ve|deg_opp_Ra_Ju=1||1|asp7_Me_Ju|deg_opp_Ra_Ju=0||1,dig_Sa|dig_Mo=neutral||neutral|dig_Sa=neutral|deg_conj_Ju_Ma|asp5_Ju_lord=1||Ma
2027-03-25,WATCH_BULL,-0.6908,2.2669,2.9577,24,10,KRISHNA,19,Rikta,Swati,Harshana,auspicious,Bava,Ju,exalted,neutral,neutral,0,0,1,1,Su,deg_opp_Ra_Ju|asp7_Mo_lord=1||Ma|asp_Ma_dom_Ve|deg_opp_Ra_Ju=1||1|asp7_Me_Ju|deg_opp_Ra_Ju=0||1,dig_Sa|dig_Mo=neutral||neutral|dig_Sa=neutral|deg_conj_Ju_Ma|asp5_Ju_lord=1||Ma
2027-03-26,WATCH_BULL,-0.0456,2.4575,2.5031,25,7,KRISHNA,20,Purna,Vishakha,Vajra,inauspicious,Kaulava,Ve,exalted,neutral,debilitated,0,0,0,1,Su,paksha|dig_Sa|dig_Mo=KRISHNA||neutral||debilitated|asp_Ma_dom_Ve|deg_opp_Ra_Ju=1||1|asp7_Me_Ju|deg_opp_Ra_Ju=0||1,dig_Sa=neutral|deg_conj_Ju_Ma|asp5_Ju_lord=1||Ma|asp7_Me_lord|asp5_Ju_lord=Su||Ma
2027-03-29,WATCH_BULL,-0.5363,2.3949,2.9312,27,9,KRISHNA,23,Jaya,Mula,Variyan,auspicious,Balava,Mo,exalted,neutral,neutral,0,0,0,1,Su,dig_Sa|elem_Mo=neutral||F|asp_Ma_dom_Ve|deg_opp_Ra_Ju=1||1|asp7_Me_Ju|deg_opp_Ra_Ju=0||1,dig_Sa|dig_Mo=neutral||neutral|dig_Sa=neutral|deg_conj_Ju_Ma|asp5_Ju_lord=1||Ma
2027-03-30,WATCH_BULL,-0.7302,2.1361,2.8663,23,8,KRISHNA,23,Jaya,PurvaAshadha,Parigha,inauspicious,Kaulava,Ma,exalted,neutral,neutral,0,0,0,1,Su,dig_Sa|elem_Mo=neutral||F|asp_Ma_dom_Ve|deg_opp_Ra_Ju=1||1|asp7_Me_Ju|deg_opp_Ra_Ju=0||1,dig_Sa|dig_Mo=neutral||neutral|dig_Sa=neutral|deg_conj_Ju_Ma|asp5_Ju_lord=1||Ma
2027-03-31,WATCH_BULL,-0.8745,2.0832,2.9577,22,10,KRISHNA,24,Rikta,UttaraAshadha,Shiva,auspicious,Garija,Me,exalted,neutral,neutral,0,0,1,1,Su,asp_Ma_dom_Ve|deg_opp_Ra_Ju=1||1|asp7_Me_Ju|deg_opp_Ra_Ju=0||1|asp7_Ju_Me|deg_opp_Ra_Ju=0||1,dig_Sa|dig_Mo=neutral||neutral|dig_Sa=neutral|deg_conj_Ju_Ma|asp5_Ju_lord=1||Ma
2027-04-01,WATCH_BULL,-0.8745,2.0832,2.9577,22,10,KRISHNA,25,Purna,Shravana,Siddha,auspicious,Vishti,Ju,exalted,neutral,neutral,0,0,1,1,Su,asp_Ma_dom_Ve|deg_opp_Ra_Ju=1||1|asp7_Me_Ju|deg_opp_Ra_Ju=0||1|asp7_Ju_Me|deg_opp_Ra_Ju=0||1,dig_Sa|dig_Mo=neutral||neutral|dig_Sa=neutral|deg_conj_Ju_Ma|asp5_Ju_lord=1||Ma
2027-04-02,WATCH_BULL,-0.848,2.0832,2.9312,22,9,KRISHNA,26,Nanda,Dhanishtha,Sadhya,auspicious,Balava,Ve,exalted,neutral,neutral,0,0,1,1,Su,asp_Ma_dom_Ve|deg_opp_Ra_Ju=1||1|asp7_Me_Ju|deg_opp_Ra_Ju=0||1|asp7_Ju_Me|deg_opp_Ra_Ju=0||1,dig_Sa|dig_Mo=neutral||neutral|dig_Sa=neutral|deg_conj_Ju_Ma|asp5_Ju_lord=1||Ma
2027-04-05,WATCH_BULL,-0.6388,2.4662,3.105,30,10,KRISHNA,29,Rikta,PurvaBhadrapada,Brahma,auspicious,Vishti,Mo,exalted,neutral,neutral,0,0,0,1,Su,dig_Sa|dig_Me=neutral||debilitated|asp_Ma_dom_Ve|deg_opp_Ra_Ju=1||1|asp7_Me_Ju|deg_opp_Ra_Ju=0||1,dig_Sa|dig_Mo=neutral||neutral|dig_Sa=neutral|deg_conj_Ju_Ma|asp5_Ju_lord=1||Ma
2027-04-06,WATCH_BULL,-0.8975,2.2075,3.105,26,10,KRISHNA,30,Purna,UttaraBhadrapada,Indra,auspicious,Chatushpada,Ma,exalted,neutral,neutral,0,1,0,1,Su,dig_Sa|dig_Me=neutral||debilitated|asp_Ma_dom_Ve|deg_opp_Ra_Ju=1||1|asp7_Me_Ju|deg_opp_Ra_Ju=0||1,dig_Sa|dig_Mo=neutral||neutral|dig_Sa=neutral|deg_conj_Ju_Ma|asp5_Ju_lord=1||Ma
2027-04-07,WATCH_BULL,-0.9755,2.1865,3.162,25,11,SHUKLA,1,Nanda,Revati,Vaidhriti,inauspicious,Bava,Me,exalted,neutral,neutral,0,1,0,1,Su,dig_Sa|dig_Me=neutral||debilitated|asp_Ma_dom_Ve|deg_opp_Ra_Ju=1||1|asp7_Me_Ju|deg_opp_Ra_Ju=0||1,dig_Sa|dig_Mo=neutral||neutral|dig_Sa=neutral|paksha|dig_Sa=SHUKLA||neutral
2027-04-08,WATCH_BULL,-0.9225,2.2395,3.162,26,11,SHUKLA,2,Bhadra,Ashwini,Vishkambha,inauspicious,Kaulava,Ju,exalted,neutral,neutral,0,0,1,1,Su,dig_Sa|elem_Mo=neutral||F|dig_Sa|dig_Me=neutral||debilitated|asp_Ma_dom_Ve|deg_opp_Ra_Ju=1||1,dig_Sa|dig_Mo=neutral||neutral|dig_Sa=neutral|paksha|dig_Sa=SHUKLA||neutral
2027-04-09,WATCH_BULL,-0.9609,2.2395,3.2004,26,11,SHUKLA,3,Jaya,Krittika,Priti,auspicious,Garija,Ve,exalted,neutral,neutral,0,0,1,1,Su,dig_Sa|elem_Mo=neutral||F|dig_Sa|dig_Me=neutral||debilitated|asp_Ma_dom_Ve|deg_opp_Ra_Ju=1||1,dig_Sa|dig_Mo=neutral||neutral|dig_Sa=neutral|paksha|dig_Sa=SHUKLA||neutral
2027-04-12,WATCH_BULL,-0.1357,2.6366,2.7723,30,9,SHUKLA,6,Nanda,Ardra,Atiganda,inauspicious,Taitila,Mo,exalted,neutral,friendly,0,0,0,1,Su,dig_Sa|dig_Me=neutral||debilitated|paksha|dig_Sa|hora_at_open=SHUKLA||neutral||Ma|asp_Ma_dom_Ve|deg_opp_Ra_Ju=1||1,dig_Sa=neutral|paksha|dig_Sa=SHUKLA||neutral|deg_conj_Ju_Ma|asp5_Ju_lord=1||Ma
2027-04-13,WATCH_BULL,-0.6507,2.1865,2.8372,25,10,SHUKLA,8,Jaya,Punarvasu,Sukarma,auspicious,Vishti,Ma,exalted,neutral,friendly,0,0,0,1,Su,dig_Sa|dig_Me=neutral||debilitated|asp_Ma_dom_Ve|deg_opp_Ra_Ju=1||1|asp7_Me_Ju|deg_opp_Ra_Ju=0||1,dig_Sa=neutral|paksha|dig_Sa=SHUKLA||neutral|deg_conj_Ju_Ma|asp5_Ju_lord=1||Ma
2027-04-14,WATCH_BULL,-0.2294,2.3611,2.5905,27,9,SHUKLA,9,Rikta,Pushya,Dhriti,auspicious,Balava,Me,exalted,neutral,own,0,0,1,1,Su,dasha_lord_dig|asp7_Mo_lord=exalted||Sa|asp_Ma_dom_Ve|deg_opp_Ra_Ju=1||1|asp7_Me_Ju|deg_opp_Ra_Ju=0||1,dig_Sa=neutral|paksha|dig_Sa=SHUKLA||neutral|deg_conj_Ju_Ma|asp5_Ju_lord=1||Ma
2027-04-15,WATCH_BULL,-1.2132,3.2288,4.4419,41,14,SHUKLA,10,Purna,Ashlesha,Shoola,inauspicious,Taitila,Ju,exalted,neutral,own,0,0,1,1,Su,paksha|dig_Sa|dig_Ve=SHUKLA||neutral||exalted|dig_Sa|dig_Me=neutral||debilitated|dasha_lord_dig|asp7_Mo_lord=exalted||Sa,dig_Sa=neutral|paksha|dig_Ve|nakl_dig=SHUKLA||exalted||debilitated|paksha|dig_Sa=SHUKLA||neutral
2027-04-16,WATCH_BULL,-1.0356,3.0047,4.0402,38,13,SHUKLA,11,Nanda,Magha,Ganda,inauspicious,Vanija,Ve,exalted,neutral,friendly,0,0,0,1,Su,paksha|dig_Sa|dig_Ve=SHUKLA||neutral||exalted|dig_Sa|elem_Mo=neutral||F|dig_Sa|dig_Me=neutral||debilitated,dig_Sa=neutral|paksha|dig_Sa=SHUKLA||neutral|dig_Sa|dig_Ve|elem_Mo=neutral||exalted||F
2027-04-19,WATCH_BULL,-0.5652,3.2781,3.8434,41,12,SHUKLA,14,Rikta,Hasta,Vyaghata,inauspicious,Vanija,Mo,exalted,neutral,friendly,0,0,0,1,Su,paksha|dig_Sa|dig_Ve=SHUKLA||neutral||exalted|dig_Sa|dig_Me=neutral||debilitated|paksha|dig_Sa|hora_at_open=SHUKLA||neutral||Ma,dig_Sa=neutral|paksha|dig_Sa=SHUKLA||neutral|deg_conj_Ju_Ma|asp5_Ju_lord=1||Ma
2027-04-20,WATCH_BULL,-1.0683,3.2031,4.2714,37,14,SHUKLA,15,Purna,Chitra,Harshana,auspicious,Bava,Ma,exalted,neutral,neutral,0,0,1,1,Su,paksha|dig_Sa|dig_Ve=SHUKLA||neutral||exalted|dig_Sa|dig_Me=neutral||debilitated|asp7_Su_Mo|deg_opp_Ra_Ju=1||1,dig_Sa|dig_Mo=neutral||neutral|dig_Sa=neutral|paksha|dig_Sa=SHUKLA||neutral
2027-04-21,WATCH_BULL,-0.9856,3.3014,4.287,38,15,KRISHNA,16,Nanda,Swati,Siddhi,auspicious,Kaulava,Me,exalted,neutral,neutral,0,0,1,1,Su,dig_Sa|dig_Me=neutral||debilitated|paksha|dasha_lord_dig=KRISHNA||exalted|asp7_Su_Mo|deg_opp_Ra_Ju=1||1,dig_Sa|dig_Mo=neutral||neutral|dig_Sa=neutral|deg_conj_Ju_Ma|asp5_Ju_lord=1||Ma
2027-04-22,WATCH_BULL,1.5462,3.2453,1.6991,37,7,KRISHNA,17,Bhadra,Vishakha,Vyatipata,inauspicious,Garija,Ju,exalted,neutral,neutral,0,0,1,1,Su,paksha|dasha_lord_dig=KRISHNA||exalted|asp7_Su_Mo|deg_opp_Ra_Ju=1||1|asp7_Mo_Su|deg_opp_Ra_Ju=1||1,dig_Sa|dig_Mo=neutral||neutral|dig_Sa=neutral|deg_conj_Ju_Ma|asp5_Ju_lord=1||Ma
2027-04-23,WATCH_BULL,2.1161,3.1683,1.0523,36,4,KRISHNA,18,Jaya,Anuradha,Variyan,auspicious,Vishti,Ve,exalted,neutral,debilitated,0,0,0,1,Su,paksha|dig_Sa|dig_Mo=KRISHNA||neutral||debilitated|paksha|dasha_lord_dig=KRISHNA||exalted|deg_conj_Me_Sa|asp4_Ma_lord=1||Ve,dig_Sa=neutral|deg_conj_Ju_Ma|asp5_Ju_lord=1||Ma|dig_Ve=exalted
2027-04-26,WATCH_BULL,0.5711,2.4953,1.9242,31,7,KRISHNA,21,Nanda,PurvaAshadha,Siddha,auspicious,Garija,Mo,exalted,neutral,neutral,0,0,0,1,Su,dig_Sa|elem_Mo=neutral||F|paksha|dasha_lord_dig=KRISHNA||exalted|asp7_Me_Ju|deg_opp_Ra_Ju=0||1,dig_Mo|dig_Ma|dig_Me=neutral||friendly||neutral|dig_Sa|dig_Mo=neutral||neutral|dig_Sa=neutral
2027-04-27,WATCH_BULL,0.3124,2.2366,1.9242,27,7,KRISHNA,22,Bhadra,UttaraAshadha,Sadhya,auspicious,Vishti,Ma,exalted,neutral,neutral,0,0,0,1,Su,dig_Sa|elem_Mo=neutral||F|paksha|dasha_lord_dig=KRISHNA||exalted|asp7_Me_Ju|deg_opp_Ra_Ju=0||1,dig_Mo|dig_Ma|dig_Me=neutral||friendly||neutral|dig_Sa|dig_Mo=neutral||neutral|dig_Sa=neutral
2027-04-28,WATCH_BULL,0.3453,2.1836,1.8383,26,8,KRISHNA,23,Jaya,UttaraAshadha,Shubha,auspicious,Balava,Me,exalted,neutral,neutral,0,0,1,1,Su,paksha|dasha_lord_dig=KRISHNA||exalted|asp7_Me_Ju|deg_opp_Ra_Ju=0||1|asp7_Ju_Me|deg_opp_Ra_Ju=0||1,dig_Mo|dig_Ma|dig_Me=neutral||friendly||neutral|dig_Sa|dig_Mo=neutral||neutral|dig_Sa=neutral
2027-04-29,WATCH_BULL,0.3453,2.1836,1.8383,26,8,KRISHNA,24,Rikta,Shravana,Shubha,auspicious,Taitila,Ju,exalted,neutral,neutral,0,0,1,1,Su,paksha|dasha_lord_dig=KRISHNA||exalted|asp7_Me_Ju|deg_opp_Ra_Ju=0||1|asp7_Ju_Me|deg_opp_Ra_Ju=0||1,dig_Mo|dig_Ma|dig_Me=neutral||friendly||neutral|dig_Sa|dig_Mo=neutral||neutral|dig_Sa=neutral
2027-04-30,WATCH_BULL,-0.0219,2.1836,2.2055,26,8,KRISHNA,25,Purna,Dhanishtha,Shukla,auspicious,Vanija,Ve,exalted,neutral,neutral,0,0,0,1,Su,paksha|dasha_lord_dig=KRISHNA||exalted|asp7_Me_Ju|deg_opp_Ra_Ju=0||1|asp7_Ju_Me|deg_opp_Ra_Ju=0||1,dig_Mo|dig_Ma|dig_Me=neutral||friendly||neutral|dig_Sa|dig_Mo=neutral||neutral|dig_Sa=neutral
2027-05-03,WATCH_BULL,1.6667,2.7776,1.111,38,4,KRISHNA,27,Bhadra,UttaraBhadrapada,Vaidhriti,inauspicious,Taitila,Mo,exalted,neutral,neutral,0,0,0,1,Su,paksha|dasha_lord_dig=KRISHNA||exalted|asp7_Me_Ju|deg_opp_Ra_Ju=0||1|asp7_Ju_Me|deg_opp_Ra_Ju=0||1,dig_Mo|dig_Ma|dig_Me=neutral||friendly||neutral|dig_Sa|dig_Mo=neutral||neutral|dig_Sa=neutral
2027-05-04,WATCH_BULL,1.4725,2.6483,1.1758,36,5,KRISHNA,28,Jaya,Revati,Priti,auspicious,Vanija,Ma,exalted,neutral,neutral,0,0,0,1,Su,paksha|dasha_lord_dig=KRISHNA||exalted|asp7_Me_Ju|deg_opp_Ra_Ju=0||1|asp7_Ju_Me|deg_opp_Ra_Ju=0||1,dig_Mo|dig_Ma|dig_Me=neutral||friendly||neutral|dig_Sa|dig_Mo=neutral||neutral|dig_Sa=neutral
2027-05-05,WATCH_BULL,1.2949,2.7786,1.4837,38,8,KRISHNA,29,Rikta,Ashwini,Ayushman,auspicious,Shakuni,Me,exalted,neutral,neutral,0,0,1,1,Su,dig_Sa|elem_Mo=neutral||F|paksha|dasha_lord_dig=KRISHNA||exalted|asp_Ju_dom_Sa|ex_sq_Ju_Su=1||1,dig_Mo|dig_Ma|dig_Me=neutral||friendly||neutral|dig_Sa|dig_Mo=neutral||neutral|dig_Sa=neutral
2027-05-06,WATCH_BULL,1.7678,3.0351,1.2672,41,8,SHUKLA,1,Nanda,Bharani,Saubhagya,auspicious,Kimstughna,Ju,exalted,neutral,neutral,0,1,1,1,Su,paksha|dig_Sa|dig_Ve=SHUKLA||neutral||exalted|dig_Sa|elem_Mo=neutral||F|dig_Me|dasha_lord_dig=friendly||exalted,dig_Sa|dig_Mo=neutral||neutral|dig_Sa=neutral|paksha|dig_Sa=SHUKLA||neutral
2027-05-07,WATCH_BULL,4.1412,4.6804,0.5393,79,3,SHUKLA,2,Bhadra,Krittika,Shobhana,auspicious,Balava,Ve,exalted,neutral,exalted,0,0,0,1,Su,dig_Me|dasha_lord_dig=friendly||exalted|deg_opp_Ra_Ju|asp7_Mo_lord=1||Ma|asp9_Ke_Ve|deg_trine_Ve_Ma=1||1,dig_Sa=neutral|paksha|dig_Sa=SHUKLA||neutral|yoga_quality|dig_Sa=auspicious||neutral
2027-05-10,WATCH_BULL,3.8633,4.7986,0.9353,81,5,SHUKLA,5,Purna,Ardra,Dhriti,auspicious,Balava,Mo,exalted,neutral,friendly,0,0,0,1,Su,dig_Me|dasha_lord_dig=friendly||exalted|paksha|dig_Sa|hora_at_open=SHUKLA||neutral||Ma|asp_Ju_dom_Sa|ex_sq_Ju_Su=1||1,dig_Sa=neutral|paksha|dig_Sa=SHUKLA||neutral|dig_Mo|dig_Ve|choghadiya_quality=friendly||neutral||good
2027-05-11,WATCH_BULL,4.0807,4.5551,0.4744,78,2,SHUKLA,6,Nanda,Pushya,Ganda,inauspicious,Taitila,Ma,exalted,neutral,own,0,0,1,1,Su,dasha_lord_dig|asp7_Mo_lord=exalted||Sa|dig_Me|dasha_lord_dig=friendly||exalted|asp_Ju_dom_Sa|ex_sq_Ju_Su=1||1,dig_Sa=neutral|paksha|dig_Sa=SHUKLA||neutral
2027-05-12,WATCH_BULL,3.8339,4.3732,0.5393,76,3,SHUKLA,7,Bhadra,Ashlesha,Vriddhi,auspicious,Vanija,Me,exalted,neutral,own,0,0,1,1,Su,dasha_lord_dig|asp7_Mo_lord=exalted||Sa|dig_Me|dasha_lord_dig=friendly||exalted|deg_sq_Ju_Su|asp7_Me_lord=1||Ma,dig_Sa=neutral|paksha|dig_Sa=SHUKLA||neutral|yoga_quality|dig_Sa=auspicious||neutral
2027-05-13,WATCH_BULL,3.7799,4.3192,0.5393,75,3,SHUKLA,8,Jaya,Magha,Dhruva,auspicious,Bava,Ju,exalted,neutral,friendly,0,0,0,1,Su,dig_Sa|elem_Mo=neutral||F|dasha_lord_dig|asp7_Mo_lord=exalted||Sa|dig_Me|dasha_lord_dig=friendly||exalted,dig_Sa=neutral|paksha|dig_Sa=SHUKLA||neutral|yoga_quality|dig_Sa=auspicious||neutral
2027-05-14,WATCH_BULL,4.1691,4.6435,0.4744,78,2,SHUKLA,9,Rikta,PurvaPhalguni,Vyaghata,inauspicious,Kaulava,Ve,exalted,neutral,friendly,0,0,0,1,Su,dig_Sa|elem_Mo=neutral||F|dasha_lord_dig|asp7_Mo_lord=exalted||Sa|dig_Me|dasha_lord_dig=friendly||exalted,dig_Sa=neutral|paksha|dig_Sa=SHUKLA||neutral
2027-05-17,WATCH_BULL,3.3444,4.2797,0.9353,71,5,SHUKLA,13,Jaya,Chitra,Siddhi,auspicious,Kaulava,Mo,exalted,neutral,friendly,0,0,0,1,Su,paksha|dig_Sa|hora_at_open=SHUKLA||neutral||Ma|deg_sq_Ma_Su|asp3_Sa_lord=1||Ve|deg_sq_Ma_Su|asp7_Sa_lord=1||Me,dig_Sa=neutral|paksha|dig_Sa=SHUKLA||neutral|dig_Mo|dig_Ve|choghadiya_quality=friendly||neutral||good
2027-05-18,WATCH_BULL,3.1198,3.9574,0.8376,66,3,SHUKLA,14,Rikta,Swati,Vyatipata,inauspicious,Garija,Ma,exalted,neutral,neutral,0,0,1,1,Su,deg_sq_Ma_Su|asp3_Sa_lord=1||Ve|deg_opp_Ra_Ju|asp7_Mo_lord=1||Ma|deg_sq_Ma_Su|asp7_Sa_lord=1||Me,dig_Sa|dig_Mo=neutral||neutral|dig_Sa=neutral|paksha|dig_Sa=SHUKLA||neutral
2027-05-19,WATCH_BULL,3.0574,3.9864,0.9289,67,5,SHUKLA,15,Purna,Vishakha,Variyan,auspicious,Vishti,Me,exalted,neutral,neutral,0,0,1,1,Su,deg_sq_Ma_Su|asp3_Sa_lord=1||Ve|deg_opp_Ra_Ju|asp7_Mo_lord=1||Ma|deg_sq_Ma_Su|asp7_Sa_lord=1||Me,dig_Sa|dig_Mo=neutral||neutral|dig_Sa=neutral|paksha|dig_Sa=SHUKLA||neutral
2027-05-20,WATCH_BULL,3.8694,4.4446,0.5752,70,2,KRISHNA,16,Nanda,Anuradha,Parigha,inauspicious,Balava,Ju,exalted,neutral,debilitated,0,0,0,1,Su,paksha|dig_Sa|dig_Mo=KRISHNA||neutral||debilitated|asp7_Su_Mo|deg_opp_Ra_Ju=1||1|asp7_Mo_Su|deg_opp_Ra_Ju=1||1,paksha|dig_Me|sade_sati_phase=KRISHNA||friendly||rising|dig_Sa=neutral
2027-05-21,WATCH_BULL,3.8046,4.4446,0.6401,70,3,KRISHNA,17,Bhadra,Jyeshtha,Shiva,auspicious,Taitila,Ve,exalted,neutral,debilitated,0,0,0,1,Su,paksha|dig_Sa|dig_Mo=KRISHNA||neutral||debilitated|asp7_Su_Mo|deg_opp_Ra_Ju=1||1|asp7_Mo_Su|deg_opp_Ra_Ju=1||1,paksha|dig_Me|sade_sati_phase=KRISHNA||friendly||rising|dig_Sa=neutral|yoga_quality|dig_Sa=auspicious||neutral
2027-05-24,WATCH_BULL,1.8316,2.6386,0.8071,31,3,KRISHNA,19,Rikta,PurvaAshadha,Shubha,auspicious,Balava,Mo,exalted,neutral,neutral,0,0,0,1,Su,dig_Sa|elem_Mo=neutral||F|deg_sq_Ma_Su|asp3_Sa_lord=1||Ve|deg_sq_Ma_Su|asp7_Sa_lord=1||Me,dig_Sa|dig_Mo=neutral||neutral|dig_Sa=neutral|yoga_quality|dig_Sa=auspicious||neutral
2027-05-25,WATCH_BULL,1.5198,2.3269,0.8071,26,3,KRISHNA,20,Purna,UttaraAshadha,Shukla,auspicious,Taitila,Ma,exalted,neutral,neutral,0,0,1,1,Su,deg_sq_Ma_Su|asp3_Sa_lord=1||Ve|deg_sq_Ma_Su|asp7_Sa_lord=1||Me|asp7_Me_Ju|deg_opp_Ra_Ju=0||1,dig_Sa|dig_Mo=neutral||neutral|dig_Sa=neutral|yoga_quality|dig_Sa=auspicious||neutral
2027-05-26,WATCH_BULL,1.4933,2.3269,0.8336,26,4,KRISHNA,21,Nanda,Shravana,Brahma,auspicious,Vanija,Me,exalted,neutral,neutral,0,0,1,1,Su,deg_sq_Ma_Su|asp3_Sa_lord=1||Ve|deg_sq_Ma_Su|asp7_Sa_lord=1||Me|asp7_Me_Ju|deg_opp_Ra_Ju=0||1,dig_Sa|dig_Mo=neutral||neutral|dig_Sa=neutral|dig_Mo|choghadiya_quality=neutral||avoid
2027-05-27,WATCH_BULL,1.4933,2.3269,0.8336,26,4,KRISHNA,22,Bhadra,Dhanishtha,Indra,auspicious,Bava,Ju,exalted,neutral,neutral,0,0,1,1,Su,deg_sq_Ma_Su|asp3_Sa_lord=1||Ve|deg_sq_Ma_Su|asp7_Sa_lord=1||Me|asp7_Me_Ju|deg_opp_Ra_Ju=0||1,dig_Sa|dig_Mo=neutral||neutral|dig_Sa=neutral|dig_Mo|choghadiya_quality=neutral||avoid
2027-05-28,WATCH_BULL,1.1065,2.3269,1.2204,26,4,KRISHNA,23,Jaya,Shatabhisha,Vaidhriti,inauspicious,Balava,Ve,exalted,neutral,neutral,0,0,0,1,Su,deg_sq_Ma_Su|asp3_Sa_lord=1||Ve|deg_sq_Ma_Su|asp7_Sa_lord=1||Me|asp7_Me_Ju|deg_opp_Ra_Ju=0||1,dig_Sa|dig_Mo=neutral||neutral|dig_Sa=neutral|asp7_Mo_lord|asp5_Ke_lord=Su||Ma
2027-05-31,WATCH_BULL,1.7786,2.5857,0.8071,30,3,KRISHNA,26,Nanda,Revati,Ayushman,auspicious,Bava,Mo,exalted,neutral,neutral,0,0,0,1,Su,deg_sq_Ma_Su|asp3_Sa_lord=1||Ve|deg_sq_Ma_Su|asp7_Sa_lord=1||Me|asp7_Me_Ju|deg_opp_Ra_Ju=0||1,dig_Sa|dig_Mo=neutral||neutral|dig_Sa=neutral|yoga_quality|dig_Sa=auspicious||neutral
2027-06-01,WATCH_BULL,1.5728,2.3799,0.8071,27,3,KRISHNA,27,Bhadra,Ashwini,Saubhagya,auspicious,Kaulava,Ma,exalted,neutral,neutral,0,0,1,1,Su,dig_Sa|elem_Mo=neutral||F|deg_sq_Ma_Su|asp3_Sa_lord=1||Ve|deg_sq_Ma_Su|asp7_Sa_lord=1||Me,dig_Sa|dig_Mo=neutral||neutral|dig_Sa=neutral|yoga_quality|dig_Sa=auspicious||neutral
2027-06-02,WATCH_BULL,1.5463,2.3799,0.8336,27,4,KRISHNA,28,Jaya,Bharani,Shobhana,auspicious,Garija,Me,exalted,neutral,neutral,0,0,1,1,Su,dig_Sa|elem_Mo=neutral||F|deg_sq_Ma_Su|asp3_Sa_lord=1||Ve|deg_sq_Ma_Su|asp7_Sa_lord=1||Me,dig_Sa|dig_Mo=neutral||neutral|dig_Sa=neutral|dig_Mo|choghadiya_quality=neutral||avoid
2027-06-03,WATCH_BULL,1.7332,2.1089,0.3757,25,1,KRISHNA,29,Rikta,Krittika,Atiganda,inauspicious,Shakuni,Ju,exalted,debilitated,exalted,0,0,0,0,Su,paksha|sade_sati_phase=KRISHNA||none|deg_opp_Ra_Ju|asp7_Mo_lord=1||Ma|asp7_Me_Ju|deg_opp_Ra_Ju=0||1,sade_sati_phase=none
2027-06-04,WATCH_BULL,1.7465,2.1222,0.3757,26,1,KRISHNA,30,Purna,Rohini,Dhriti,auspicious,Naga,Ve,exalted,debilitated,exalted,0,1,0,0,Su,paksha|sade_sati_phase=KRISHNA||none|deg_opp_Ra_Ju|asp7_Mo_lord=1||Ma|asp7_Me_Ju|deg_opp_Ra_Ju=0||1,sade_sati_phase=none
2027-06-07,WATCH_BULL,0.3897,1.9607,1.571,24,4,SHUKLA,4,Rikta,Punarvasu,Vriddhi,auspicious,Vanija,Mo,exalted,debilitated,friendly,0,0,0,0,Su,asp7_Me_Ju|deg_opp_Ra_Ju=0||1|asp7_Ju_Me|deg_opp_Ra_Ju=0||1|asp7_Me_Ke|deg_opp_Ra_Ju=0||1,paksha|sade_sati_phase=SHUKLA||none|sade_sati_phase=none|deg_sext_Ju_Su|asp5_Ra_lord=1||Ve
2027-06-08,WATCH_BULL,0.4967,2.0677,1.571,26,4,SHUKLA,5,Purna,Pushya,Dhruva,auspicious,Bava,Ma,exalted,debilitated,own,0,0,1,0,Su,asp7_Me_Ju|deg_opp_Ra_Ju=0||1|asp7_Ju_Me|deg_opp_Ra_Ju=0||1|asp7_Me_Ke|deg_opp_Ra_Ju=0||1,paksha|sade_sati_phase=SHUKLA||none|sade_sati_phase=none|deg_sext_Ju_Su|asp5_Ra_lord=1||Ve
2027-06-09,WATCH_BULL,0.2638,2.0249,1.761,25,5,SHUKLA,6,Nanda,Ashlesha,Vyaghata,inauspicious,Kaulava,Me,exalted,debilitated,own,0,0,1,0,Su,asp7_Me_Ju|deg_opp_Ra_Ju=0||1|asp7_Ju_Me|deg_opp_Ra_Ju=0||1|asp7_Me_Ke|deg_opp_Ra_Ju=0||1,paksha|sade_sati_phase=SHUKLA||none|sade_sati_phase=none|tithi_quality|dig_Ma|dig_Ve=Nanda||friendly||own
2027-06-10,WATCH_BULL,0.3469,1.9179,1.571,23,4,SHUKLA,7,Bhadra,Magha,Vajra,inauspicious,Garija,Ju,exalted,debilitated,friendly,0,0,0,0,Su,asp7_Me_Ju|deg_opp_Ra_Ju=0||1|asp7_Ju_Me|deg_opp_Ra_Ju=0||1|asp7_Me_Ke|deg_opp_Ra_Ju=0||1,paksha|sade_sati_phase=SHUKLA||none|sade_sati_phase=none|deg_sext_Ju_Su|asp5_Ra_lord=1||Ve
2027-06-11,WATCH_BULL,0.4598,2.0308,1.571,24,4,SHUKLA,8,Jaya,UttaraPhalguni,Siddhi,auspicious,Bava,Ve,exalted,debilitated,friendly,1,0,0,0,Su,asp7_Me_Ju|deg_opp_Ra_Ju=0||1|asp7_Ju_Me|deg_opp_Ra_Ju=0||1|asp7_Me_Ke|deg_opp_Ra_Ju=0||1,paksha|sade_sati_phase=SHUKLA||none|sade_sati_phase=none|deg_sext_Ju_Su|asp5_Ra_lord=1||Ve
2027-06-14,WATCH_BULL,-2.9654,0.0532,3.0186,2,9,SHUKLA,11,Nanda,Swati,Parigha,inauspicious,Vishti,Mo,exalted,debilitated,neutral,1,0,1,0,Su,asp_Ve_dom_Ma|asp7_Su_lord=1||Ma|asp7_Su_lord|asp7_Ve_lord=Ma||Ma,paksha|sade_sati_phase=SHUKLA||none|sade_sati_phase=none|tithi_quality|dig_Ma|dig_Ve=Nanda||friendly||own
2027-06-15,WATCH_BULL,-2.7753,0.0532,2.8285,2,8,SHUKLA,12,Bhadra,Swati,Shiva,auspicious,Balava,Ma,exalted,debilitated,neutral,1,0,1,0,Su,asp_Ve_dom_Ma|asp7_Su_lord=1||Ma|asp7_Su_lord|asp7_Ve_lord=Ma||Ma,paksha|sade_sati_phase=SHUKLA||none|sade_sati_phase=none|ex_sext_Sa_Su|asp5_Ra_lord=1||Ve
2027-06-16,PRIME_TRADE_BEAR,-2.8285,0.0,2.8285,0,8,SHUKLA,13,Jaya,Vishakha,Siddha,auspicious,Taitila,Me,exalted,debilitated,exact_debil,1,0,0,0,Su,,paksha|sade_sati_phase=SHUKLA||none|sade_sati_phase=none|ex_sext_Sa_Su|asp5_Ra_lord=1||Ve
2027-06-17,PRIME_TRADE_BEAR,-3.2201,0.0,3.2201,0,10,SHUKLA,14,Rikta,Anuradha,Sadhya,auspicious,Vanija,Ju,exalted,debilitated,debilitated,1,0,0,0,Su,,paksha|sade_sati_phase=SHUKLA||none|sade_sati_phase=none|tithi_quality|nakl_spd|hora_at_open=Rikta||very_fast||Ve
