entry_date,entry_price,exit_date,exit_price,return_pct,hit
1996-05-13,1088.1,1996-05-16,1128.59,3.6712,1
1996-05-14,1105.47,1996-05-17,1115.54,0.8609,1
1996-06-11,1143.06,1996-06-14,1196.06,4.5867,1
1996-06-12,1163.87,1996-06-17,1185.37,1.7973,1
1996-07-05,1093.0,1996-07-10,1086.62,-0.6337,0
1996-07-08,1103.47,1996-07-11,1097.44,-0.5965,0
1996-07-15,1093.38,1996-07-19,1119.27,2.3179,1
1996-07-16,1083.47,1996-07-22,1125.67,3.8449,1
1996-08-07,1048.59,1996-08-12,1032.17,-1.6159,0
1996-08-21,999.19,1996-08-26,1009.04,0.9358,1
1996-10-08,873.9,1996-10-11,908.79,3.9424,1
1996-10-09,874.72,1996-10-14,892.05,1.9312,1
1996-10-10,898.42,1996-10-15,897.77,-0.1223,0
1996-10-11,908.79,1996-10-16,892.77,-1.8128,0
1996-10-15,897.77,1996-10-18,895.0,-0.3585,0
1996-10-22,919.09,1996-10-25,936.95,1.8932,1
1996-11-07,874.89,1996-11-11,891.27,1.8222,1
1996-11-08,884.64,1996-11-13,896.84,1.3291,1
1996-11-11,891.27,1996-11-15,894.31,0.2911,1
1996-12-05,802.23,1996-12-10,803.2,0.0709,1
1996-12-11,837.07,1996-12-16,847.27,1.1685,1
1996-12-16,847.27,1996-12-19,860.58,1.5209,1
1996-12-18,860.4,1996-12-23,882.0,2.4605,1
1996-12-20,884.38,1996-12-26,911.8,3.0505,1
1996-12-24,884.05,1997-01-01,939.55,6.2279,1
1996-12-26,911.8,1997-01-02,927.05,1.6225,1
1997-01-08,946.7,1997-01-13,980.7,3.5414,1
1997-02-11,992.75,1997-02-14,1009.45,1.6322,1
1997-02-26,968.85,1997-03-01,1102.95,13.7912,1
1997-04-01,970.15,1997-04-04,1001.0,3.1299,1
1997-04-11,1013.4,1997-04-17,1035.2,2.1012,1
1997-05-05,1045.5,1997-05-08,1054.05,0.7678,1
1997-05-14,1041.65,1997-05-19,1050.8,0.8284,1
1997-06-02,1064.95,1997-06-05,1086.6,1.983,1
1997-06-11,1104.6,1997-06-16,1129.7,2.2223,1
1997-06-30,1192.4,1997-07-03,1214.9,1.837,1
1997-07-31,1221.5,1997-08-05,1273.15,4.1784,1
1997-09-01,1104.7,1997-09-04,1137.15,2.8874,1
1997-09-02,1117.15,1997-09-05,1149.25,2.8234,1
1997-10-16,1168.35,1997-10-21,1174.95,0.5149,1
1997-11-20,995.15,1997-11-25,1010.7,1.5126,1
1997-11-21,1005.75,1997-11-26,1016.85,1.0537,1
1997-11-24,981.25,1997-11-27,1046.75,6.6252,1
1997-11-28,1023.95,1997-12-03,1030.7,0.6092,1
1997-12-15,979.85,1997-12-18,1009.7,2.9964,1
1997-12-16,1002.35,1997-12-19,1028.4,2.5489,1
1997-12-19,1028.4,1997-12-24,1054.15,2.4539,1
1997-12-22,1051.4,1997-12-26,1061.45,0.9059,1
1997-12-29,1079.0,1998-01-01,1081.2,0.1539,1
1997-12-31,1079.4,1998-01-05,1091.65,1.0849,1
1998-02-13,974.55,1998-02-19,997.55,2.3101,1
1998-02-25,1036.05,1998-03-02,1098.2,5.9487,1
1998-02-26,1045.8,1998-03-03,1063.5,1.6425,1
1998-02-27,1060.75,1998-03-04,1092.35,2.929,1
1998-03-04,1092.35,1998-03-09,1099.5,0.6046,1
1998-03-09,1099.5,1998-03-12,1077.5,-2.0509,0
1998-03-16,1090.45,1998-03-19,1105.8,1.3577,1
1998-03-18,1103.35,1998-03-23,1124.1,1.8306,1
1998-03-25,1146.95,1998-03-30,1124.85,-1.9768,0
1998-03-27,1140.35,1998-04-01,1150.1,0.805,1
1998-04-01,1150.1,1998-04-06,1187.1,3.1671,1
1998-04-02,1157.4,1998-04-07,1187.8,2.5766,1
1998-04-03,1173.45,1998-04-09,1209.6,3.0307,1
1998-04-17,1210.0,1998-04-22,1210.8,0.0161,1
1998-06-22,880.2,1998-06-25,932.15,5.8521,1
1998-06-25,932.15,1998-06-30,941.65,0.9691,1
1998-07-06,917.35,1998-07-09,961.05,4.7137,1
1998-07-08,944.15,1998-07-13,964.35,2.0895,1
1998-07-09,961.05,1998-07-14,967.35,0.6055,1
1998-07-24,920.1,1998-07-29,937.85,1.8791,1
1998-07-28,917.25,1998-07-31,931.4,1.4927,1
1998-08-19,838.3,1998-08-24,859.8,2.5147,1
1998-08-20,868.7,1998-08-25,871.9,0.3184,1
1998-08-21,855.45,1998-08-27,877.45,2.5217,1
1998-09-07,887.1,1998-09-10,907.4,2.2384,1
1998-09-09,903.6,1998-09-14,920.5,1.8203,1
1998-10-05,840.75,1998-10-08,847.95,0.8064,1
1998-10-06,845.75,1998-10-09,849.1,0.3461,1
1998-10-20,808.7,1998-10-26,845.25,4.4696,1
1998-10-22,811.6,1998-10-27,841.6,3.6464,1
1998-11-06,840.8,1998-11-11,868.85,3.2861,1
1998-11-09,864.65,1998-11-12,871.75,0.7711,1
1998-12-04,828.35,1998-12-09,856.55,3.3544,1
1998-12-07,845.15,1998-12-10,864.4,2.2277,1
1998-12-08,853.0,1998-12-11,870.0,1.943,1
1998-12-18,835.2,1998-12-23,858.7,2.7637,1
1998-12-21,859.3,1998-12-24,861.1,0.1595,1
1998-12-28,879.85,1998-12-31,884.25,0.4501,1
1999-01-18,944.9,1999-01-22,957.05,1.2359,1
1999-02-09,924.75,1999-02-12,970.25,4.8702,1
1999-03-05,1054.45,1999-03-10,1078.85,2.264,1
1999-04-12,998.2,1999-04-16,1044.45,4.5833,1
1999-04-15,968.6,1999-04-19,993.9,2.562,1
1999-04-26,931.35,1999-04-30,978.2,4.9803,1
1999-05-04,1008.35,1999-05-07,1062.9,5.3598,1
1999-05-05,1019.55,1999-05-10,1094.2,7.2719,1
1999-05-06,1046.95,1999-05-11,1116.0,6.5453,1
1999-05-07,1062.9,1999-05-12,1110.9,4.4659,1
1999-05-10,1094.2,1999-05-13,1148.1,4.876,1
1999-05-11,1116.0,1999-05-14,1165.35,4.372,1
1999-05-12,1110.9,1999-05-17,1151.9,3.6407,1
1999-05-14,1165.35,1999-05-19,1180.25,1.2286,1
1999-05-31,1132.3,1999-06-03,1136.65,0.3342,1
1999-06-02,1125.15,1999-06-07,1156.65,2.7496,1
1999-06-14,1126.9,1999-06-17,1176.35,4.3381,1
1999-06-16,1148.15,1999-06-21,1202.3,4.6663,1
1999-06-17,1176.35,1999-06-22,1214.3,3.1761,1
1999-07-02,1197.85,1999-07-07,1243.7,3.7777,1
1999-07-05,1230.25,1999-07-08,1244.05,1.0717,1
1999-07-12,1315.35,1999-07-15,1317.7,0.1287,1
1999-07-13,1321.45,1999-07-16,1324.25,0.1619,1
1999-07-14,1335.15,1999-07-19,1349.6,1.0323,1
1999-07-16,1324.25,1999-07-21,1340.15,1.1507,1
1999-07-20,1314.7,1999-07-23,1342.95,2.0988,1
1999-07-21,1340.15,1999-07-26,1326.15,-1.0947,0
1999-07-28,1320.1,1999-08-02,1289.6,-2.3604,0
1999-08-11,1315.3,1999-08-16,1309.9,-0.4606,0
1999-08-16,1309.9,1999-08-19,1345.0,2.6296,1
1999-08-23,1369.7,1999-08-26,1402.5,2.3447,1
1999-08-26,1402.5,1999-08-31,1412.0,0.6274,1
1999-08-27,1417.5,1999-09-01,1410.7,-0.5297,0
1999-09-02,1375.85,1999-09-07,1383.25,0.4878,1
1999-09-17,1359.7,1999-09-22,1386.45,1.9173,1
1999-09-24,1412.25,1999-09-29,1415.3,0.166,1
1999-10-04,1372.3,1999-10-07,1469.75,7.0512,1
1999-10-05,1378.15,1999-10-08,1479.25,7.2859,1
1999-10-06,1392.7,1999-10-11,1484.0,6.5056,1
1999-10-07,1469.75,1999-10-12,1483.85,0.9093,1
1999-10-08,1479.25,1999-10-13,1496.3,1.1026,1
1999-10-11,1484.0,1999-10-14,1505.2,1.3786,1
1999-10-14,1505.2,1999-10-20,1477.65,-1.8803,0
1999-10-23,1449.8,1999-10-27,1411.4,-2.6986,0
1999-11-01,1270.0,1999-11-04,1336.8,5.2098,1
1999-11-02,1332.2,1999-11-05,1364.55,2.3783,1
1999-11-05,1364.55,1999-11-10,1389.1,1.7491,1
1999-11-07,1369.6,1999-11-11,1389.6,1.4103,1
1999-11-09,1371.2,1999-11-12,1373.55,0.1214,1
1999-11-18,1364.25,1999-11-24,1394.95,2.2003,1
1999-11-19,1361.85,1999-11-25,1408.65,3.3865,1
1999-11-22,1375.25,1999-11-26,1399.6,1.7206,1
1999-12-01,1388.75,1999-12-06,1442.85,3.8456,1
1999-12-02,1408.85,1999-12-07,1445.15,2.5266,1
1999-12-03,1418.0,1999-12-08,1438.65,1.4063,1
1999-12-06,1442.85,1999-12-09,1447.55,0.2757,1
1999-12-07,1445.15,1999-12-10,1439.7,-0.4271,0
1999-12-08,1438.65,1999-12-13,1427.65,-0.8146,0
1999-12-09,1447.55,1999-12-14,1398.25,-3.4558,0
1999-12-15,1401.4,1999-12-20,1422.45,1.4521,1
1999-12-16,1419.7,1999-12-21,1421.7,0.0909,1
1999-12-17,1419.3,1999-12-22,1481.7,4.3465,1
1999-12-22,1481.7,1999-12-27,1432.1,-3.3975,0
1999-12-23,1488.35,1999-12-28,1442.2,-3.1507,0
1999-12-27,1432.1,1999-12-30,1480.45,3.3262,1
1999-12-28,1442.2,2000-01-03,1592.2,10.3508,1
1999-12-29,1476.35,2000-01-04,1638.7,10.9467,1
1999-12-30,1480.45,2000-01-05,1595.8,7.7415,1
2000-01-03,1592.2,2000-01-06,1617.6,1.5453,1
2000-01-05,1595.8,2000-01-10,1632.95,2.278,1
2000-01-06,1617.6,2000-01-11,1572.5,-2.8381,0
2000-01-11,1572.5,2000-01-14,1622.75,3.1455,1
2000-01-31,1546.2,2000-02-03,1597.9,3.2937,1
2000-02-01,1549.5,2000-02-04,1599.75,3.193,1
2000-02-02,1588.0,2000-02-07,1636.6,3.0105,1
2000-02-03,1597.9,2000-02-08,1662.75,4.0085,1
2000-02-04,1599.75,2000-02-09,1689.65,5.5696,1
2000-02-07,1636.6,2000-02-10,1711.2,4.5082,1
2000-02-08,1662.75,2000-02-11,1756.0,5.5582,1
2000-02-28,1722.55,2000-03-02,1696.55,-1.5594,0
2000-02-29,1654.8,2000-03-03,1656.0,0.0225,1
2000-03-02,1696.55,2000-03-07,1702.75,0.3154,1
2000-03-03,1656.0,2000-03-08,1666.35,0.575,1
2000-03-07,1702.75,2000-03-10,1602.75,-5.9229,0
2000-03-10,1602.75,2000-03-15,1620.1,1.0325,1
2000-03-23,1553.4,2000-03-28,1568.6,0.9285,1
2000-04-04,1428.1,2000-04-07,1557.15,8.9865,1
2000-04-05,1434.65,2000-04-10,1613.0,12.3816,1
2000-04-07,1557.15,2000-04-12,1592.7,2.233,1
2000-04-25,1359.45,2000-04-28,1406.55,3.4146,1
2000-05-02,1333.45,2000-05-05,1422.4,6.6207,1
2000-05-03,1316.05,2000-05-08,1365.05,3.6733,1
2000-05-22,1233.0,2000-05-25,1247.65,1.1382,1
2000-05-23,1224.4,2000-05-26,1275.35,4.1112,1
2000-05-24,1235.9,2000-05-29,1311.05,6.0306,1
2000-05-25,1247.65,2000-05-30,1344.85,7.7406,1
2000-05-26,1275.35,2000-05-31,1380.45,8.1909,1
2000-05-29,1311.05,2000-06-01,1349.0,2.8446,1
2000-05-30,1344.85,2000-06-02,1389.25,3.2515,1
2000-05-31,1380.45,2000-06-05,1404.6,1.6994,1
2000-06-02,1389.25,2000-06-07,1430.35,2.9084,1
2000-06-05,1404.6,2000-06-08,1463.65,4.154,1
2000-06-06,1421.75,2000-06-09,1467.2,3.1468,1
2000-06-08,1463.65,2000-06-13,1432.9,-2.1509,0
2000-06-14,1435.5,2000-06-19,1498.75,4.3561,1
2000-06-28,1470.0,2000-07-03,1495.25,1.6677,1
2000-06-29,1492.35,2000-07-04,1511.3,1.2198,1
2000-07-03,1495.25,2000-07-06,1516.8,1.3912,1
2000-07-04,1511.3,2000-07-07,1517.6,0.3669,1
2000-07-31,1332.85,2000-08-03,1321.25,-0.9203,0
2000-08-14,1317.9,2000-08-18,1358.05,2.9965,1
2000-08-16,1351.45,2000-08-21,1370.25,1.3411,1
2000-08-30,1375.95,2000-09-05,1428.25,3.751,1
2000-08-31,1394.1,2000-09-06,1435.35,2.9089,1
2000-09-06,1435.35,2000-09-11,1456.35,1.4131,1
2000-09-25,1292.55,2000-09-28,1266.4,-2.0731,0
2000-09-26,1267.9,2000-09-29,1271.65,0.2458,1
2000-09-27,1292.55,2000-10-03,1282.0,-0.8662,0
2000-09-28,1266.4,2000-10-04,1297.8,2.4295,1
2000-10-20,1172.0,2000-10-25,1183.9,0.9654,1
2000-10-27,1178.7,2000-11-01,1200.8,1.8249,1
2000-11-01,1200.8,2000-11-06,1240.25,3.2353,1
2000-11-03,1242.05,2000-11-08,1266.8,1.9427,1
2000-11-08,1266.8,2000-11-13,1208.05,-4.6877,0
2000-11-27,1252.9,2000-11-30,1268.15,1.1672,1
2000-11-28,1272.75,2000-12-01,1276.2,0.2211,1
2000-12-01,1276.2,2000-12-06,1298.55,1.7013,1
2000-12-05,1284.65,2000-12-08,1313.7,2.2113,1
2000-12-06,1298.55,2000-12-11,1332.15,2.5375,1
2000-12-07,1302.5,2000-12-12,1333.35,2.3185,1
2000-12-08,1313.7,2000-12-13,1354.3,3.0405,1
2000-12-11,1332.15,2000-12-14,1349.35,1.2411,1
2000-12-13,1354.3,2000-12-18,1317.6,-2.7599,0
2000-12-26,1212.0,2000-12-29,1263.55,4.2033,1
2000-12-27,1228.3,2001-01-01,1254.3,2.0667,1
2000-12-28,1248.95,2001-01-02,1271.8,1.7795,1
2000-12-29,1263.55,2001-01-03,1291.25,2.1422,1
2001-01-02,1271.8,2001-01-05,1327.25,4.31,1
2001-01-03,1291.25,2001-01-08,1309.25,1.344,1
2001-01-12,1286.75,2001-01-17,1297.9,0.8165,1
2001-01-16,1293.05,2001-01-19,1329.1,2.738,1
2001-01-19,1329.1,2001-01-24,1365.95,2.7226,1
2001-01-22,1348.0,2001-01-25,1370.1,1.5895,1
2001-01-24,1365.95,2001-01-30,1379.7,0.9566,1
2001-01-25,1370.1,2001-01-31,1371.7,0.0668,1
2001-01-29,1342.05,2001-02-01,1359.15,1.2242,1
2001-02-09,1405.7,2001-02-14,1393.35,-0.9286,0
2001-02-23,1320.45,2001-02-28,1351.4,2.2939,1
2001-03-23,1161.3,2001-03-28,1206.2,3.8164,1
2001-03-26,1161.5,2001-03-29,1195.1,2.8428,1
2001-04-11,1066.8,2001-04-17,1067.0,-0.0313,0
2001-04-17,1067.0,2001-04-20,1144.0,7.1665,1
2001-04-19,1144.45,2001-04-24,1146.3,0.1116,1
2001-04-23,1149.75,2001-04-26,1143.75,-0.5719,0
2001-04-30,1125.25,2001-05-04,1130.05,0.3766,1
2001-05-02,1137.2,2001-05-07,1139.2,0.1259,1
2001-05-04,1130.05,2001-05-09,1149.25,1.649,1
2001-05-15,1145.3,2001-05-18,1172.8,2.3511,1
2001-05-16,1151.15,2001-05-21,1169.45,1.5397,1
2001-05-22,1168.1,2001-05-25,1174.9,0.5321,1
2001-06-06,1115.7,2001-06-11,1131.1,1.3303,1
2001-06-07,1112.35,2001-06-12,1127.15,1.2805,1
2001-06-08,1126.6,2001-06-13,1129.0,0.163,1
2001-06-19,1096.65,2001-06-22,1087.65,-0.8707,0
2001-06-21,1095.2,2001-06-26,1096.6,0.0778,1
2001-06-22,1087.65,2001-06-27,1096.1,0.7269,1
2001-07-10,1072.05,2001-07-13,1110.45,3.5319,1
2001-07-11,1083.65,2001-07-16,1105.55,1.9709,1
2001-07-31,1072.85,2001-08-03,1074.6,0.1131,1
2001-08-01,1063.15,2001-08-06,1075.25,1.0881,1
2001-08-02,1066.0,2001-08-07,1072.1,0.5222,1
2001-09-17,872.25,2001-09-20,898.8,2.9939,1
2001-09-18,900.2,2001-09-21,854.2,-5.16,0
2001-09-24,869.05,2001-09-27,890.0,2.3607,1
2001-09-26,873.7,2001-10-01,910.1,4.1162,1
2001-10-04,911.65,2001-10-09,912.7,0.0652,1
2001-10-10,940.35,2001-10-15,963.4,2.4012,1
2001-10-11,954.9,2001-10-16,971.25,1.6622,1
2001-10-16,971.25,2001-10-19,976.65,0.506,1
2001-10-17,986.25,2001-10-22,976.4,-1.0487,0
2001-11-06,1001.9,2001-11-09,1004.05,0.1646,1
2001-11-08,997.7,2001-11-13,1005.4,0.7218,1
2001-11-15,1035.7,2001-11-21,1056.35,1.9438,1
2001-11-21,1056.35,2001-11-26,1080.6,2.2456,1
2001-11-22,1062.45,2001-11-27,1076.05,1.2301,1
2001-11-26,1080.6,2001-11-29,1067.15,-1.2947,0
2001-12-04,1077.7,2001-12-07,1112.3,3.1605,1
2001-12-05,1104.55,2001-12-10,1115.25,0.9187,1
2001-12-20,1062.0,2001-12-26,1034.25,-2.663,0
2001-12-26,1034.25,2001-12-31,1059.05,2.3479,1
2001-12-28,1033.8,2002-01-02,1060.75,2.5569,1
2001-12-31,1059.05,2002-01-03,1072.25,1.1964,1
2002-01-02,1060.75,2002-01-07,1100.15,3.6644,1
2002-01-04,1096.2,2002-01-09,1102.8,0.5521,1
2002-01-07,1100.15,2002-01-10,1098.2,-0.2272,0
2002-01-14,1109.8,2002-01-17,1109.2,-0.1041,0
2002-02-06,1113.1,2002-02-11,1131.55,1.6075,1
2002-02-08,1123.75,2002-02-13,1135.1,0.96,1
2002-02-11,1131.55,2002-02-14,1150.0,1.5805,1
2002-02-12,1129.5,2002-02-15,1159.95,2.6459,1
2002-02-13,1135.1,2002-02-18,1172.85,3.2757,1
2002-02-14,1150.0,2002-02-19,1158.9,0.7239,1
2002-02-18,1172.85,2002-02-21,1149.85,-2.011,0
2002-03-05,1178.5,2002-03-08,1187.65,0.7264,1
2002-03-13,1157.05,2002-03-18,1169.3,1.0087,1
2002-04-04,1145.9,2002-04-09,1126.7,-1.7255,0
2002-04-29,1074.2,2002-05-03,1096.95,2.0679,1
2002-04-30,1084.5,2002-05-06,1100.95,1.4668,1
2002-05-07,1110.7,2002-05-10,1116.4,0.4632,1
2002-05-22,1045.3,2002-05-27,1062.7,1.6146,1
2002-05-23,1026.75,2002-05-28,1038.2,1.0652,1
2002-06-03,1039.75,2002-06-06,1064.35,2.316,1
2002-06-04,1045.4,2002-06-07,1048.8,0.2752,1
2002-06-05,1064.2,2002-06-10,1069.9,0.4856,1
2002-06-06,1064.35,2002-06-11,1097.05,3.0223,1
2002-06-10,1069.9,2002-06-13,1082.85,1.1604,1
2002-06-11,1097.05,2002-06-14,1085.7,-1.0846,0
2002-06-20,1070.05,2002-06-25,1055.4,-1.4191,0
2002-06-28,1057.8,2002-07-03,1069.9,1.0939,1
2002-08-08,953.55,2002-08-13,976.05,2.3096,1
2002-08-09,961.95,2002-08-14,969.65,0.7505,1
2002-10-07,954.75,2002-10-10,958.45,0.3375,1
2002-10-10,958.45,2002-10-16,973.6,1.5307,1
2002-10-11,971.05,2002-10-17,973.3,0.1817,1
2002-10-29,936.9,2002-11-01,951.45,1.503,1
2002-10-31,951.4,2002-11-05,962.3,1.0957,1
2002-11-04,962.1,2002-11-08,956.95,-0.5853,0
2002-11-05,962.3,2002-11-11,954.05,-0.9073,0
2002-11-15,990.35,2002-11-21,1008.75,1.8079,1
2002-11-18,996.85,2002-11-22,1020.15,2.2874,1
2002-11-22,1020.15,2002-11-27,1031.1,1.0234,1
2002-11-25,1026.2,2002-11-28,1049.7,2.24,1
2002-11-26,1036.15,2002-11-29,1050.15,1.3012,1
2002-11-28,1049.7,2002-12-03,1055.0,0.4549,1
2002-11-29,1050.15,2002-12-04,1036.4,-1.3593,0
2002-12-02,1067.9,2002-12-05,1045.95,-2.1054,0
2002-12-04,1036.4,2002-12-09,1058.65,2.0969,1
2002-12-05,1045.95,2002-12-10,1063.7,1.647,1
2002-12-06,1069.8,2002-12-11,1069.75,-0.0547,0
2002-12-10,1063.7,2002-12-13,1086.2,2.0653,1
2002-12-26,1094.8,2002-12-31,1093.5,-0.1687,0
2003-03-19,1003.9,2003-03-22,1037.15,3.2621,1
2003-03-20,1025.25,2003-03-24,1013.9,-1.157,0
2003-04-01,984.3,2003-04-04,1016.95,3.2671,1
2003-04-02,999.4,2003-04-07,1031.5,3.1619,1
2003-05-02,938.3,2003-05-07,950.15,1.2129,1
2003-05-16,973.1,2003-05-21,968.0,-0.5741,0
2003-05-26,982.45,2003-05-29,1002.6,2.001,1
2003-05-27,976.85,2003-05-30,1006.8,3.016,1
2003-05-28,990.8,2003-06-02,1015.15,2.4076,1
2003-05-29,1002.6,2003-06-03,1010.65,0.7529,1
2003-05-30,1006.8,2003-06-04,1021.05,1.3654,1
2003-06-05,1035.05,2003-06-10,1037.8,0.2157,1
2003-06-17,1081.95,2003-06-20,1100.25,1.6414,1
2003-06-19,1092.55,2003-06-24,1085.35,-0.709,0
2003-06-20,1100.25,2003-06-25,1106.65,0.5317,1
2003-06-23,1089.2,2003-06-26,1116.35,2.4427,1
2003-06-25,1106.65,2003-06-30,1134.15,2.435,1
2003-06-26,1116.35,2003-07-01,1130.7,1.2354,1
2003-06-27,1125.55,2003-07-02,1133.8,0.683,1
2003-06-30,1134.15,2003-07-03,1144.65,0.8758,1
2003-07-02,1133.8,2003-07-07,1140.55,0.5453,1
2003-07-03,1144.65,2003-07-08,1145.9,0.0592,1
2003-07-10,1162.35,2003-07-15,1159.85,-0.2651,0
2003-07-21,1115.8,2003-07-24,1139.45,2.0696,1
2003-07-22,1109.2,2003-07-25,1162.75,4.7778,1
2003-07-23,1119.05,2003-07-28,1169.2,4.4315,1
2003-07-24,1139.45,2003-07-29,1174.75,3.048,1
2003-07-25,1162.75,2003-07-30,1183.0,1.6916,1
2003-07-28,1169.2,2003-07-31,1185.85,1.3741,1
2003-07-29,1174.75,2003-08-01,1195.75,1.7376,1
2003-07-30,1183.0,2003-08-04,1203.6,1.6913,1
2003-08-04,1203.6,2003-08-07,1196.95,-0.6025,0
2003-08-05,1184.45,2003-08-08,1222.65,3.1751,1
2003-08-07,1196.95,2003-08-12,1234.75,3.108,1
2003-08-08,1222.65,2003-08-13,1246.9,1.9334,1
2003-08-11,1232.85,2003-08-14,1247.75,1.1586,1
2003-08-12,1234.75,2003-08-18,1281.4,3.7281,1
2003-08-13,1246.9,2003-08-19,1277.7,2.4201,1
2003-08-18,1281.4,2003-08-21,1300.95,1.4757,1
2003-08-19,1277.7,2003-08-22,1311.15,2.568,1
2003-08-22,1311.15,2003-08-27,1340.3,2.1732,1
2003-08-25,1271.1,2003-08-28,1341.05,5.4531,1
2003-08-26,1318.2,2003-08-29,1356.55,2.8593,1
2003-08-27,1340.3,2003-09-01,1375.95,2.6099,1
2003-08-28,1341.05,2003-09-02,1385.45,3.2608,1
2003-08-29,1356.55,2003-09-03,1359.35,0.1564,1
2003-09-01,1375.95,2003-09-04,1372.7,-0.2862,0
2003-09-02,1385.45,2003-09-05,1398.4,0.8847,1
2003-09-03,1359.35,2003-09-08,1417.35,4.2167,1
2003-09-04,1372.7,2003-09-09,1407.05,2.4524,1
2003-09-05,1398.4,2003-09-10,1409.55,0.7473,1
2003-09-19,1322.15,2003-09-24,1372.05,3.7242,1
2003-09-23,1328.2,2003-09-26,1386.95,4.3733,1
2003-09-24,1372.05,2003-09-29,1399.95,1.9835,1
2003-09-26,1386.95,2003-10-01,1420.85,2.3942,1
2003-09-29,1399.95,2003-10-03,1449.3,3.4751,1
2003-10-01,1420.85,2003-10-07,1477.85,3.9617,1
2003-10-03,1449.3,2003-10-08,1478.6,1.9717,1
2003-10-06,1478.9,2003-10-09,1502.1,1.5187,1
2003-10-08,1478.6,2003-10-13,1546.75,4.5591,1
2003-10-09,1502.1,2003-10-14,1520.8,1.1949,1
2003-10-10,1523.1,2003-10-15,1537.0,0.8626,1
2003-10-13,1546.75,2003-10-16,1555.7,0.5286,1
2003-10-14,1520.8,2003-10-17,1569.45,3.149,1
2003-10-15,1537.0,2003-10-20,1542.7,0.3209,1
2003-10-16,1555.7,2003-10-21,1506.5,-3.2126,0
2003-10-25,1521.95,2003-10-29,1498.45,-1.5941,0
2003-10-27,1485.3,2003-10-30,1516.85,2.0742,1
2003-10-29,1498.45,2003-11-03,1601.65,6.8371,1
2003-10-30,1516.85,2003-11-04,1618.7,6.6646,1
2003-10-31,1555.9,2003-11-05,1609.15,3.3725,1
2003-11-03,1601.65,2003-11-06,1612.2,0.6087,1
2003-11-04,1618.7,2003-11-07,1592.05,-1.6964,0
2003-11-06,1612.2,2003-11-11,1601.15,-0.7354,0
2003-11-10,1594.5,2003-11-13,1579.95,-0.9625,0
2003-11-15,1562.8,2003-11-19,1540.6,-1.4705,0
2003-11-17,1579.9,2003-11-20,1522.3,-3.6958,0
2003-11-21,1540.7,2003-11-27,1598.35,3.6918,1
2003-11-24,1543.9,2003-11-28,1615.25,4.5714,1
2003-11-25,1568.65,2003-12-01,1657.65,5.6237,1
2003-11-27,1598.35,2003-12-02,1658.5,3.7133,1
2003-12-01,1657.65,2003-12-04,1675.2,1.0087,1
2003-12-02,1658.5,2003-12-05,1645.8,-0.8158,0
2003-12-03,1670.5,2003-12-08,1646.25,-1.5017,0
2003-12-04,1675.2,2003-12-09,1675.85,-0.0112,0
2003-12-05,1645.8,2003-12-10,1686.9,2.4473,1
2003-12-08,1646.25,2003-12-11,1695.4,2.9356,1
2003-12-09,1675.85,2003-12-12,1698.9,1.3254,1
2003-12-10,1686.9,2003-12-15,1723.95,2.1463,1
2003-12-11,1695.4,2003-12-16,1736.25,2.3595,1
2003-12-12,1698.9,2003-12-17,1733.25,1.9719,1
2003-12-15,1723.95,2003-12-18,1756.1,1.8149,1
2003-12-16,1736.25,2003-12-19,1778.55,2.3863,1
2003-12-18,1756.1,2003-12-23,1780.3,1.3281,1
2003-12-19,1778.55,2003-12-24,1808.7,1.6452,1
2003-12-23,1780.3,2003-12-29,1874.05,5.216,1
2003-12-24,1808.7,2003-12-30,1873.25,3.5189,1
2003-12-26,1837.05,2003-12-31,1879.75,2.2744,1
2003-12-29,1874.05,2004-01-01,1912.25,1.9884,1
2003-12-30,1873.25,2004-01-02,1946.05,3.8363,1
2003-12-31,1879.75,2004-01-05,1955.0,3.9532,1
2004-01-01,1912.25,2004-01-06,1926.7,0.7057,1
2004-01-05,1955.0,2004-01-08,1968.55,0.6431,1
2004-01-08,1968.55,2004-01-13,1963.6,-0.3015,0
2004-01-09,1971.9,2004-01-14,1982.15,0.4698,1
2004-01-21,1824.6,2004-01-27,1904.7,4.34,1
2004-01-22,1770.5,2004-01-28,1863.1,5.1802,1
2004-02-03,1769.0,2004-02-06,1833.65,3.6046,1
2004-02-04,1822.2,2004-02-09,1880.7,3.1604,1
2004-02-06,1833.65,2004-02-11,1891.5,3.1049,1
2004-02-09,1880.7,2004-02-12,1885.3,0.1946,1
2004-02-10,1880.75,2004-02-13,1913.6,1.6966,1
2004-02-13,1913.6,2004-02-18,1916.45,0.0989,1
2004-02-27,1800.3,2004-03-04,1843.85,2.369,1
2004-03-03,1860.4,2004-03-08,1885.25,1.2857,1
2004-03-05,1867.7,2004-03-10,1844.35,-1.3002,0
2004-03-12,1812.2,2004-03-17,1749.85,-3.4906,0
2004-03-23,1696.4,2004-03-26,1747.5,2.9623,1
2004-03-25,1704.45,2004-03-30,1750.15,2.6312,1
2004-03-26,1747.5,2004-03-31,1771.9,1.3463,1
2004-03-31,1771.9,2004-04-05,1856.6,4.7302,1
2004-04-01,1819.65,2004-04-06,1851.15,1.6811,1
2004-04-02,1841.1,2004-04-07,1848.7,0.3628,1
2004-04-13,1878.45,2004-04-17,1868.1,-0.601,0
2004-04-19,1844.05,2004-04-22,1889.55,2.4174,1
2004-04-20,1844.25,2004-04-23,1892.45,2.5635,1
2004-05-03,1766.7,2004-05-06,1832.8,3.6914,1
2004-05-04,1793.1,2004-05-07,1804.45,0.583,1
2004-05-05,1809.9,2004-05-10,1769.1,-2.3043,0
2004-05-06,1832.8,2004-05-11,1699.45,-7.3258,0
2004-05-17,1388.75,2004-05-20,1543.85,11.1183,1
2004-05-18,1503.95,2004-05-21,1560.2,3.6902,1
2004-05-19,1567.85,2004-05-24,1608.85,2.565,1
2004-05-20,1543.85,2004-05-25,1606.7,4.021,1
2004-05-21,1560.2,2004-05-26,1598.8,2.424,1
2004-05-31,1483.6,2004-06-03,1495.1,0.7251,1
2004-06-01,1507.9,2004-06-04,1521.1,0.8254,1
2004-06-02,1535.2,2004-06-07,1542.55,0.4288,1
2004-06-03,1495.1,2004-06-08,1550.55,3.6588,1
2004-06-04,1521.1,2004-06-09,1548.3,1.7382,1
2004-06-07,1542.55,2004-06-10,1544.75,0.0926,1
2004-06-08,1550.55,2004-06-11,1508.45,-2.7652,0
2004-06-15,1501.0,2004-06-18,1491.2,-0.7029,0
2004-06-17,1512.05,2004-06-22,1474.7,-2.5202,0
2004-06-22,1474.7,2004-06-25,1488.5,0.8858,1
2004-06-23,1446.1,2004-06-28,1514.35,4.6696,1
2004-06-24,1470.75,2004-06-29,1518.3,3.183,1
2004-06-25,1488.5,2004-06-30,1505.6,1.0988,1
2004-06-28,1514.35,2004-07-01,1537.2,1.4589,1
2004-06-29,1518.3,2004-07-02,1537.5,1.2146,1
2004-07-01,1537.2,2004-07-06,1558.25,1.3194,1
2004-07-02,1537.5,2004-07-07,1566.8,1.8557,1
2004-07-06,1558.25,2004-07-09,1553.2,-0.3741,0
2004-07-07,1566.8,2004-07-12,1556.95,-0.6787,0
2004-07-08,1518.15,2004-07-13,1539.3,1.3431,1
2004-07-09,1553.2,2004-07-14,1522.75,-2.0105,0
2004-07-12,1556.95,2004-07-15,1539.4,-1.1772,0
2004-07-13,1539.3,2004-07-16,1558.8,1.2168,1
2004-07-15,1539.4,2004-07-20,1566.1,1.6844,1
2004-07-16,1558.8,2004-07-21,1581.4,1.3998,1
2004-07-19,1571.6,2004-07-22,1598.1,1.6362,1
2004-07-20,1566.1,2004-07-23,1601.6,2.2168,1
2004-07-21,1581.4,2004-07-26,1618.0,2.2644,1
2004-07-22,1598.1,2004-07-27,1600.75,0.1158,1
2004-07-23,1601.6,2004-07-28,1594.15,-0.5152,0
2004-07-26,1618.0,2004-07-29,1618.7,-0.0067,0
2004-07-29,1618.7,2004-08-03,1630.6,0.6852,1
2004-07-30,1632.3,2004-08-04,1626.55,-0.4023,0
2004-08-05,1654.95,2004-08-10,1652.15,-0.2192,0
2004-08-16,1599.15,2004-08-19,1609.2,0.5785,1
2004-08-19,1609.2,2004-08-24,1591.6,-1.1437,0
2004-08-20,1590.35,2004-08-25,1595.7,0.2864,1
2004-09-01,1635.45,2004-09-06,1644.0,0.4728,1
2004-09-10,1668.75,2004-09-15,1683.2,0.8159,1
2004-09-14,1685.55,2004-09-17,1733.65,2.8037,1
2004-09-16,1705.7,2004-09-21,1750.2,2.5589,1
2004-09-17,1733.65,2004-09-22,1753.9,1.1181,1
2004-09-21,1750.2,2004-09-24,1722.5,-1.6327,0
2004-09-29,1727.95,2004-10-04,1805.65,4.4467,1
2004-09-30,1745.5,2004-10-05,1812.45,3.7856,1
2004-10-01,1775.15,2004-10-06,1794.9,1.0626,1
2004-10-04,1805.65,2004-10-07,1815.7,0.5066,1
2004-10-06,1794.9,2004-10-09,1817.8,1.2258,1
2004-10-07,1815.7,2004-10-11,1807.75,-0.4878,0
2004-10-14,1794.75,2004-10-19,1808.4,0.7106,1
2004-10-25,1757.25,2004-10-28,1800.1,2.3885,1
2004-10-26,1781.05,2004-10-29,1786.9,0.2785,1
2004-10-28,1800.1,2004-11-02,1813.7,0.7055,1
2004-10-29,1786.9,2004-11-03,1837.4,2.7761,1
2004-11-01,1797.75,2004-11-04,1834.85,2.0137,1
2004-11-02,1813.7,2004-11-05,1852.3,2.0782,1
2004-11-03,1837.4,2004-11-08,1862.8,1.3324,1
2004-11-05,1852.3,2004-11-10,1876.1,1.2349,1
2004-11-10,1876.1,2004-11-16,1879.0,0.1046,1
2004-11-12,1872.95,2004-11-18,1892.05,0.9698,1
2004-11-22,1873.35,2004-11-25,1901.05,1.4286,1
2004-11-24,1904.05,2004-11-30,1958.8,2.8254,1
2004-11-29,1939.65,2004-12-02,1999.0,3.0098,1
2004-11-30,1958.8,2004-12-03,1996.2,1.8593,1
2004-12-01,1962.05,2004-12-06,1993.15,1.5351,1
2004-12-02,1999.0,2004-12-07,1992.7,-0.3652,0
2004-12-08,1977.95,2004-12-13,1985.35,0.3241,1
2004-12-09,1989.95,2004-12-14,2006.8,0.7968,1
2004-12-14,2006.8,2004-12-17,2012.1,0.2141,1
2004-12-20,2026.85,2004-12-23,2045.15,0.8529,1
2004-12-21,2044.65,2004-12-24,2062.7,0.8328,1
2004-12-23,2045.15,2004-12-28,2071.35,1.2311,1
2004-12-24,2062.7,2004-12-29,2069.6,0.2845,1
2005-01-07,2015.5,2005-01-12,1913.6,-5.1058,0
2005-01-25,1931.85,2005-01-31,2057.6,6.4593,1
2005-01-27,1955.0,2005-02-01,2059.85,5.3132,1
2005-01-28,2008.3,2005-02-02,2052.25,2.1384,1
2005-01-31,2057.6,2005-02-03,2079.45,1.0119,1
2005-02-03,2079.45,2005-02-08,2055.15,-1.2186,0
2005-02-08,2055.15,2005-02-11,2082.05,1.2589,1
2005-02-09,2070.0,2005-02-14,2098.25,1.3147,1
2005-02-28,2103.25,2005-03-03,2128.85,1.1672,1
2005-03-03,2128.85,2005-03-08,2168.95,1.8336,1
2005-03-28,2029.45,2005-03-31,2035.65,0.2555,1
2005-03-29,1983.85,2005-04-01,2067.65,4.1741,1
2005-04-01,2067.65,2005-04-06,2069.3,0.0298,1
2005-04-19,1909.4,2005-04-22,1967.35,2.985,1
2005-04-21,1948.55,2005-04-26,1957.1,0.3888,1
2005-05-02,1916.75,2005-05-05,1963.3,2.3786,1
2005-05-03,1920.7,2005-05-06,1977.5,2.9073,1
2005-05-04,1942.6,2005-05-09,2000.75,2.9434,1
2005-05-05,1963.3,2005-05-10,1994.3,1.529,1
2005-05-06,1977.5,2005-05-11,1985.95,0.3773,1
2005-05-09,2000.75,2005-05-12,1993.15,-0.4299,0
2005-05-24,2028.6,2005-05-27,2076.4,2.3063,1
2005-05-25,2043.85,2005-05-30,2072.4,1.3469,1
2005-05-26,2074.7,2005-05-31,2087.55,0.5694,1
2005-05-27,2076.4,2005-06-01,2087.55,0.487,1
2005-05-31,2087.55,2005-06-03,2094.25,0.271,1
2005-06-02,2064.65,2005-06-06,2092.8,1.3134,1
2005-06-03,2094.25,2005-06-07,2098.15,0.1362,1
2005-06-06,2092.8,2005-06-09,2103.2,0.4469,1
2005-06-08,2112.4,2005-06-13,2102.75,-0.5068,0
2005-06-21,2170.0,2005-06-24,2194.35,1.0721,1
2005-06-22,2187.35,2005-06-27,2199.8,0.5192,1
2005-06-24,2194.35,2005-06-29,2191.65,-0.173,0
2005-06-27,2199.8,2005-06-30,2220.6,0.8955,1
2005-06-29,2191.65,2005-07-04,2230.65,1.7295,1
2005-06-30,2220.6,2005-07-05,2210.75,-0.4936,0
2005-07-07,2179.4,2005-07-12,2220.8,1.8496,1
2005-07-08,2196.2,2005-07-13,2204.05,0.3074,1
2005-07-11,2218.85,2005-07-14,2185.1,-1.5711,0
2005-07-12,2220.8,2005-07-15,2212.55,-0.4215,0
2005-07-13,2204.05,2005-07-18,2234.0,1.3089,1
2005-07-15,2212.55,2005-07-20,2241.9,1.2765,1
2005-07-18,2234.0,2005-07-21,2230.5,-0.2067,0
2005-07-22,2265.6,2005-07-27,2319.1,2.3114,1
2005-07-25,2291.75,2005-07-29,2312.3,0.8467,1
2005-07-26,2303.15,2005-08-01,2318.05,0.5969,1
2005-07-27,2319.1,2005-08-02,2353.65,1.4398,1
2005-07-29,2312.3,2005-08-03,2357.0,1.8831,1
2005-08-01,2318.05,2005-08-04,2367.8,2.0962,1
2005-08-02,2353.65,2005-08-05,2361.2,0.2708,1
2005-08-04,2367.8,2005-08-09,2318.7,-2.1237,0
2005-08-08,2324.4,2005-08-11,2380.9,2.3807,1
2005-08-09,2318.7,2005-08-12,2361.55,1.798,1
2005-08-10,2360.15,2005-08-16,2369.8,0.3589,1
2005-08-17,2403.15,2005-08-22,2367.85,-1.5189,0
2005-08-25,2354.55,2005-08-30,2367.75,0.5106,1
2005-08-30,2367.75,2005-09-02,2415.8,1.9794,1
2005-08-31,2384.65,2005-09-05,2422.95,1.5561,1
2005-09-02,2415.8,2005-09-08,2454.45,1.5499,1
2005-09-05,2422.95,2005-09-09,2455.45,1.2913,1
2005-09-06,2428.65,2005-09-12,2484.15,2.2352,1
2005-09-21,2567.3,2005-09-26,2557.35,-0.4376,0
2005-09-22,2476.5,2005-09-27,2574.85,3.9213,1
2005-09-23,2477.75,2005-09-28,2598.05,4.8052,1
2005-09-26,2557.35,2005-09-29,2611.2,2.0557,1
2005-09-27,2574.85,2005-09-30,2601.4,0.9811,1
2005-09-28,2598.05,2005-10-03,2630.05,1.1817,1
2005-09-29,2611.2,2005-10-04,2663.35,1.9472,1
2005-10-03,2630.05,2005-10-06,2579.15,-1.9853,0
2005-10-04,2663.35,2005-10-07,2574.05,-3.4029,0
2005-10-11,2589.55,2005-10-17,2485.15,-4.0816,0
2005-10-21,2443.75,2005-10-26,2408.5,-1.4925,0
2005-10-25,2418.2,2005-10-28,2316.05,-4.2742,0
2005-10-31,2370.95,2005-11-07,2461.6,3.7734,1
2005-11-01,2386.75,2005-11-08,2492.65,4.387,1
2005-11-02,2419.05,2005-11-09,2489.1,2.8458,1
2005-11-07,2461.6,2005-11-10,2500.7,1.5384,1
2005-11-08,2492.65,2005-11-11,2548.65,2.1966,1
2005-11-11,2548.65,2005-11-17,2603.95,2.1198,1
2005-11-14,2558.7,2005-11-18,2620.05,2.3477,1
2005-11-16,2582.75,2005-11-21,2602.5,0.7147,1
2005-11-18,2620.05,2005-11-23,2608.6,-0.487,0
2005-11-22,2572.85,2005-11-25,2664.3,3.5044,1
2005-11-23,2608.6,2005-11-26,2683.45,2.8194,1
2005-11-24,2635.0,2005-11-28,2712.0,2.8722,1
2005-11-25,2664.3,2005-11-29,2698.3,1.2261,1
2005-11-30,2652.25,2005-12-05,2660.5,0.2611,1
2005-12-01,2698.95,2005-12-06,2662.3,-1.4079,0
2005-12-02,2697.95,2005-12-07,2693.0,-0.2335,0
2005-12-05,2660.5,2005-12-08,2706.7,1.6865,1
2005-12-06,2662.3,2005-12-09,2756.45,3.4864,1
2005-12-07,2693.0,2005-12-12,2776.2,3.0395,1
2005-12-08,2706.7,2005-12-13,2812.3,3.8514,1
2005-12-09,2756.45,2005-12-14,2804.55,1.695,1
2005-12-12,2776.2,2005-12-15,2778.55,0.0346,1
2005-12-13,2812.3,2005-12-16,2810.15,-0.1264,0
2005-12-16,2810.15,2005-12-21,2822.9,0.4037,1
2005-12-19,2842.6,2005-12-22,2835.25,-0.3086,0
2005-12-26,2749.6,2005-12-29,2821.95,2.5813,1
2005-12-27,2805.9,2005-12-30,2836.55,1.0423,1
2005-12-28,2794.05,2006-01-02,2835.95,1.4496,1
2005-12-29,2821.95,2006-01-03,2883.35,2.1258,1
2005-12-30,2836.55,2006-01-04,2904.4,2.342,1
2006-01-03,2883.35,2006-01-06,2914.0,1.013,1
2006-01-19,2870.85,2006-01-24,2908.0,1.244,1
2006-01-20,2900.95,2006-01-25,2940.35,1.3082,1
2006-01-25,2940.35,2006-01-31,3001.1,2.0161,1
2006-01-27,2982.75,2006-02-01,2971.55,-0.4255,0
2006-02-06,3000.45,2006-02-10,3027.55,0.8532,1
2006-02-20,3005.85,2006-02-23,3062.1,1.8214,1
2006-02-21,3035.5,2006-02-24,3050.05,0.4293,1
2006-02-27,3067.45,2006-03-02,3150.7,2.664,1
2006-02-28,3074.7,2006-03-03,3147.35,2.3128,1
2006-03-01,3123.1,2006-03-06,3190.4,2.1049,1
2006-03-02,3150.7,2006-03-07,3182.8,0.9688,1
2006-03-06,3190.4,2006-03-09,3129.1,-1.9714,0
2006-03-10,3183.9,2006-03-16,3226.6,1.2911,1
2006-03-13,3202.65,2006-03-17,3234.05,0.9304,1
2006-03-16,3226.6,2006-03-21,3262.3,1.0564,1
2006-03-17,3234.05,2006-03-22,3240.15,0.1386,1
2006-03-20,3265.65,2006-03-23,3247.15,-0.6165,0
2006-03-29,3354.2,2006-04-03,3473.3,3.5008,1
2006-03-30,3418.95,2006-04-04,3483.15,1.8278,1
2006-04-10,3478.45,2006-04-17,3425.15,-1.5823,0
2006-04-17,3425.15,2006-04-20,3573.5,4.2812,1
2006-04-18,3518.1,2006-04-21,3573.05,1.5119,1
2006-04-19,3535.85,2006-04-24,3548.9,0.3191,1
2006-04-20,3573.5,2006-04-25,3462.65,-3.152,0
2006-04-25,3462.65,2006-04-28,3508.35,1.2698,1
2006-04-26,3555.75,2006-04-29,3557.6,0.002,1
2006-04-27,3508.1,2006-05-02,3605.45,2.725,1
2006-04-28,3508.35,2006-05-03,3634.25,3.5386,1
2006-04-29,3557.6,2006-05-04,3648.4,2.5023,1
2006-05-02,3605.45,2006-05-05,3663.95,1.5725,1
2006-05-03,3634.25,2006-05-08,3693.15,1.5707,1
2006-05-04,3648.4,2006-05-09,3720.55,1.9276,1
2006-05-09,3720.55,2006-05-12,3650.05,-1.9449,0
2006-05-16,3523.3,2006-05-19,3246.9,-7.8949,0
2006-05-22,3081.35,2006-05-25,3177.7,3.0769,1
2006-05-23,3199.35,2006-05-26,3209.6,0.2704,1
2006-05-24,3115.55,2006-05-29,3214.9,3.1388,1
2006-05-25,3177.7,2006-05-30,3185.3,0.1892,1
2006-05-26,3209.6,2006-05-31,3071.05,-4.3667,0
2006-06-12,2776.85,2006-06-15,2798.8,0.7405,1
2006-06-19,2916.9,2006-06-22,2994.75,2.6189,1
2006-06-21,2923.45,2006-06-25,3050.3,4.2891,1
2006-06-22,2994.75,2006-06-26,2943.2,-1.7713,0
2006-06-25,3050.3,2006-06-28,2981.1,-2.3186,0
2006-06-26,2943.2,2006-06-29,2997.9,1.8085,1
2006-06-27,2982.45,2006-06-30,3128.2,4.8369,1
2006-06-28,2981.1,2006-07-03,3150.95,5.6476,1
2006-06-29,2997.9,2006-07-04,3138.65,4.645,1
2006-06-30,3128.2,2006-07-05,3197.1,2.1525,1
2006-07-03,3150.95,2006-07-06,3156.4,0.123,1
2006-07-05,3197.1,2006-07-10,3142.0,-1.7734,0
2006-07-10,3142.0,2006-07-13,3169.3,0.8189,1
2006-07-12,3195.9,2006-07-17,3007.55,-5.9435,0
2006-07-17,3007.55,2006-07-20,3023.05,0.4654,1
2006-07-19,2932.75,2006-07-24,2985.85,1.7606,1
2006-07-20,3023.05,2006-07-25,3040.5,0.5272,1
2006-07-21,2945.0,2006-07-26,3110.15,5.5578,1
2006-07-24,2985.85,2006-07-27,3156.15,5.6536,1
2006-07-25,3040.5,2006-07-28,3130.8,2.9199,1
2006-07-26,3110.15,2006-07-31,3143.2,1.0126,1
2006-07-27,3156.15,2006-08-01,3147.8,-0.3146,0
2006-07-28,3130.8,2006-08-02,3182.1,1.5886,1
2006-07-31,3143.2,2006-08-03,3190.0,1.4389,1
2006-08-02,3182.1,2006-08-07,3151.1,-1.0242,0
2006-08-03,3190.0,2006-08-08,3212.4,0.6522,1
2006-08-08,3212.4,2006-08-11,3274.35,1.8785,1
2006-08-09,3254.6,2006-08-14,3313.1,1.7475,1
2006-08-11,3274.35,2006-08-17,3353.9,2.3795,1
2006-08-14,3313.1,2006-08-18,3356.75,1.2675,1
2006-08-16,3356.05,2006-08-21,3366.0,0.2465,1
2006-08-23,3335.8,2006-08-28,3401.1,1.9076,1
2006-08-24,3370.4,2006-08-29,3425.7,1.5908,1
2006-08-25,3385.95,2006-08-30,3430.35,1.2613,1
2006-08-28,3401.1,2006-08-31,3413.9,0.3263,1
2006-09-12,3389.9,2006-09-15,3478.6,2.5666,1
2006-09-13,3454.55,2006-09-18,3492.75,1.0558,1
2006-09-20,3502.8,2006-09-25,3523.45,0.5395,1
2006-09-21,3553.05,2006-09-26,3571.75,0.4763,1
2006-09-22,3544.05,2006-09-27,3579.3,0.9446,1
2006-09-25,3523.45,2006-09-28,3571.75,1.3208,1
2006-09-26,3571.75,2006-09-29,3588.4,0.4162,1
2006-10-05,3564.9,2006-10-10,3571.05,0.1225,1
2006-10-12,3621.05,2006-10-17,3715.0,2.5446,1
2006-10-13,3676.05,2006-10-18,3710.65,0.8912,1
2006-10-16,3723.95,2006-10-19,3677.8,-1.2893,0
2006-10-21,3683.5,2006-10-27,3739.35,1.4662,1
2006-10-23,3657.3,2006-10-30,3769.1,3.0069,1
2006-10-26,3677.55,2006-10-31,3744.1,1.7596,1
2006-10-27,3739.35,2006-11-01,3767.05,0.6908,1
2006-10-30,3769.1,2006-11-02,3791.2,0.5363,1
2006-11-01,3767.05,2006-11-06,3809.25,1.0702,1
2006-11-10,3834.75,2006-11-15,3876.3,1.0335,1
2006-11-20,3856.15,2006-11-23,3945.45,2.2658,1
2006-11-21,3918.25,2006-11-24,3950.85,0.782,1
2006-11-30,3954.5,2006-12-05,4015.75,1.4989,1
2006-12-13,3765.2,2006-12-18,3928.75,4.2937,1
2006-12-19,3832.0,2006-12-22,3871.15,0.9717,1
2006-12-20,3815.55,2006-12-26,3940.5,3.2248,1
2006-12-21,3833.5,2006-12-27,3974.25,3.6216,1
2006-12-22,3871.15,2006-12-28,3970.55,2.5177,1
2006-12-26,3940.5,2006-12-29,3966.4,0.6073,1
2006-12-27,3974.25,2007-01-02,4007.4,0.7841,1
2007-01-11,3942.25,2007-01-16,4080.5,3.4569,1
2007-01-12,4052.45,2007-01-17,4076.45,0.5422,1
2007-01-16,4080.5,2007-01-19,4090.15,0.1865,1
2007-01-18,4109.05,2007-01-23,4066.1,-1.0953,0
2007-02-01,4137.2,2007-02-06,4195.9,1.3688,1
2007-02-02,4183.5,2007-02-07,4224.25,0.9241,1
2007-02-12,4058.3,2007-02-15,4146.2,2.1159,1
2007-02-13,4044.55,2007-02-19,4164.55,2.917,1
2007-02-14,4047.1,2007-02-20,4106.95,1.4288,1
2007-03-05,3576.5,2007-03-08,3761.65,5.1268,1
2007-03-06,3655.65,2007-03-09,3718.0,1.6556,1
2007-03-08,3761.65,2007-03-13,3770.55,0.1866,1
2007-03-12,3734.6,2007-03-15,3643.6,-2.4867,0
2007-03-13,3770.55,2007-03-16,3608.55,-4.3465,0
2007-03-14,3641.1,2007-03-19,3678.9,0.9881,1
2007-03-15,3643.6,2007-03-20,3697.6,1.4321,1
2007-03-19,3678.9,2007-03-22,3875.9,5.3049,1
2007-03-20,3697.6,2007-03-23,3861.05,4.3704,1
2007-03-21,3764.55,2007-03-26,3819.95,1.4216,1
2007-03-22,3875.9,2007-03-28,3761.1,-3.0119,0
2007-03-29,3798.1,2007-04-03,3690.65,-2.879,0
2007-04-03,3690.65,2007-04-09,3843.5,4.0915,1
2007-04-04,3733.25,2007-04-10,3848.15,3.0277,1
2007-04-05,3752.0,2007-04-11,3862.65,2.8991,1
2007-04-09,3843.5,2007-04-12,3829.85,-0.4051,0
2007-04-13,3917.35,2007-04-18,4011.6,2.356,1
2007-04-18,4011.6,2007-04-23,4085.1,1.7822,1
2007-04-20,4083.55,2007-04-25,4167.3,2.0009,1
2007-04-24,4141.8,2007-04-27,4083.5,-1.4576,0
2007-04-30,4087.9,2007-05-07,4111.15,0.5188,1
2007-05-11,4076.65,2007-05-16,4170.95,2.2632,1
2007-05-14,4134.3,2007-05-17,4219.55,2.012,1
2007-05-16,4170.95,2007-05-21,4260.9,2.1066,1
2007-05-17,4219.55,2007-05-22,4278.1,1.3376,1
2007-05-25,4248.15,2007-05-30,4249.65,-0.0147,0
2007-06-11,4145.6,2007-06-14,4170.0,0.5386,1
2007-06-12,4155.2,2007-06-15,4171.45,0.3411,1
2007-06-14,4170.0,2007-06-19,4214.3,1.0124,1
2007-06-15,4171.45,2007-06-20,4248.65,1.8007,1
2007-06-19,4214.3,2007-06-22,4252.05,0.8458,1
2007-06-26,4285.7,2007-06-29,4318.3,0.7107,1
2007-07-03,4357.55,2007-07-06,4384.85,0.5765,1
2007-07-05,4353.95,2007-07-10,4406.05,1.1466,1
2007-07-06,4384.85,2007-07-11,4387.15,0.0025,1
2007-07-09,4419.4,2007-07-12,4446.15,0.5553,1
2007-07-12,4446.15,2007-07-17,4496.75,1.0881,1
2007-07-16,4512.15,2007-07-19,4562.1,1.057,1
2007-07-19,4562.1,2007-07-24,4620.75,1.2356,1
2007-07-23,4619.35,2007-07-26,4619.8,-0.0403,0
2007-07-31,4528.85,2007-08-03,4401.55,-2.8609,0
2007-08-02,4356.35,2007-08-07,4356.35,-0.05,0
2007-08-03,4401.55,2007-08-08,4462.1,1.3257,1
2007-08-06,4339.5,2007-08-09,4403.2,1.4179,1
2007-08-22,4153.15,2007-08-27,4302.6,3.5485,1
2007-08-23,4114.95,2007-08-28,4320.7,4.9501,1
2007-08-24,4190.15,2007-08-29,4359.3,3.9868,1
2007-08-27,4302.6,2007-08-30,4412.3,2.4996,1
2007-08-29,4359.3,2007-09-03,4474.75,2.5984,1
2007-08-30,4412.3,2007-09-04,4479.25,1.4673,1
2007-08-31,4464.0,2007-09-05,4475.85,0.2155,1
2007-09-06,4518.6,2007-09-11,4497.05,-0.5269,0
2007-09-18,4546.2,2007-09-21,4837.55,6.3586,1
2007-09-19,4732.35,2007-09-24,4932.2,4.1731,1
2007-09-21,4837.55,2007-09-26,4940.5,2.0781,1
2007-09-24,4932.2,2007-09-27,5000.55,1.3358,1
2007-09-25,4938.85,2007-09-28,5021.35,1.6204,1
2007-09-27,5000.55,2007-10-03,5210.8,4.1545,1
2007-10-08,5085.1,2007-10-11,5524.85,8.5978,1
2007-10-09,5327.25,2007-10-12,5428.25,1.8459,1
2007-10-10,5441.45,2007-10-15,5670.4,4.1575,1
2007-10-11,5524.85,2007-10-16,5668.05,2.5419,1
2007-10-12,5428.25,2007-10-17,5559.3,2.3642,1
2007-10-19,5215.3,2007-10-24,5496.15,5.3351,1
2007-10-22,5184.0,2007-10-25,5568.95,7.3757,1
2007-10-23,5473.7,2007-10-26,5702.3,4.1263,1
2007-10-24,5496.15,2007-10-29,5905.9,7.4052,1
2007-10-25,5568.95,2007-10-30,5868.75,5.3334,1
2007-10-26,5702.3,2007-10-31,5900.65,3.4284,1
2007-10-31,5900.65,2007-11-05,5847.3,-0.9541,0
2007-11-02,5932.4,2007-11-07,5782.35,-2.5793,0
2007-11-09,5663.25,2007-11-14,5937.9,4.7997,1
2007-11-13,5695.4,2007-11-16,5906.85,3.6626,1
2007-11-23,5608.6,2007-11-28,5617.55,0.1096,1
2007-11-26,5731.7,2007-11-29,5634.6,-1.7441,0
2007-11-29,5634.6,2007-12-04,5858.35,3.921,1
2007-11-30,5762.75,2007-12-05,5940.0,3.0258,1
2007-12-03,5865.0,2007-12-06,5954.7,1.4794,1
2007-12-05,5940.0,2007-12-10,5960.6,0.2968,1
2007-12-06,5954.7,2007-12-11,6097.25,2.3439,1
2007-12-07,5974.3,2007-12-12,6159.3,3.0466,1
2007-12-10,5960.6,2007-12-13,6058.1,1.5857,1
2007-12-11,6097.25,2007-12-14,6047.7,-0.8627,0
2007-12-12,6159.3,2007-12-17,5777.0,-6.2569,0
2007-12-18,5742.3,2007-12-24,5985.1,4.1783,1
2007-12-19,5751.15,2007-12-26,6070.75,5.5071,1
2007-12-20,5766.5,2007-12-27,6081.5,5.4126,1
2007-12-24,5985.1,2007-12-28,6079.7,1.5306,1
2007-12-26,6070.75,2007-12-31,6138.6,1.0677,1
2007-12-31,6138.6,2008-01-03,6178.55,0.6008,1
2008-01-02,6179.4,2008-01-07,6279.1,1.5634,1
2008-01-03,6178.55,2008-01-08,6287.85,1.719,1
2008-01-25,5383.35,2008-01-30,5167.6,-4.0577,0
2008-01-29,5280.8,2008-02-01,5317.25,0.6402,1
2008-02-14,5202.0,2008-02-19,5280.8,1.4648,1
2008-02-21,5191.8,2008-02-26,5270.05,1.4572,1
2008-02-25,5200.7,2008-02-28,5285.1,1.5729,1
2008-03-07,4771.6,2008-03-12,4872.0,2.0541,1
2008-03-18,4533.0,2008-03-25,4877.5,7.5498,1
2008-03-24,4609.85,2008-03-27,4830.25,4.7311,1
2008-03-25,4877.5,2008-03-28,4942.0,1.2724,1
2008-04-15,4879.65,2008-04-21,5037.0,3.1746,1
2008-04-16,4887.3,2008-04-22,5049.3,3.2647,1
2008-04-17,4958.4,2008-04-23,5022.8,1.2488,1
2008-04-21,5037.0,2008-04-24,4999.85,-0.7875,0
2008-04-22,5049.3,2008-04-25,5111.7,1.1858,1
2008-04-25,5111.7,2008-04-30,5165.9,1.0103,1
2008-05-14,5011.75,2008-05-20,5104.95,1.8096,1
2008-05-15,5115.25,2008-05-21,5117.65,-0.0031,0
2008-05-28,4918.35,2008-06-02,4739.6,-3.6843,0
2008-06-11,4523.6,2008-06-16,4572.5,1.031,1
2008-07-01,3896.75,2008-07-04,4016.0,3.0102,1
2008-07-02,4093.35,2008-07-07,4030.0,-1.5976,0
2008-07-04,4016.0,2008-07-09,4157.1,3.4634,1
2008-07-18,4092.25,2008-07-23,4476.8,9.347,1
2008-07-22,4240.1,2008-07-25,4311.85,1.6422,1
2008-07-25,4311.85,2008-07-30,4313.55,-0.0106,0
2008-07-28,4332.1,2008-07-31,4332.95,-0.0304,0
2008-07-30,4313.55,2008-08-04,4395.35,1.8463,1
2008-07-31,4332.95,2008-08-05,4502.85,3.8711,1
2008-08-01,4413.55,2008-08-06,4517.55,2.3064,1
2008-08-05,4502.85,2008-08-08,4529.5,0.5418,1
2008-08-06,4517.55,2008-08-11,4620.4,2.2267,1
2008-08-07,4523.85,2008-08-12,4552.25,0.5778,1
2008-08-20,4415.75,2008-08-25,4335.35,-1.8708,0
2008-08-25,4335.35,2008-08-28,4214.0,-2.8491,0
2008-08-29,4360.0,2008-09-04,4447.75,1.9626,1
2008-09-18,4038.15,2008-09-23,4126.9,2.1478,1
2008-09-19,4245.25,2008-09-24,4161.25,-2.0287,0
2008-09-29,3850.05,2008-10-03,3818.3,-0.8747,0
2008-09-30,3921.2,2008-10-06,3602.35,-8.1814,0
2008-10-27,2524.2,2008-11-03,3043.85,20.5367,1
2008-10-29,2697.05,2008-11-04,3142.1,16.4514,1
2008-11-21,2693.45,2008-11-26,2752.25,2.1331,1
2008-11-25,2654.0,2008-12-01,2682.9,1.0389,1
2008-12-01,2682.9,2008-12-04,2788.0,3.8674,1
2008-12-02,2657.8,2008-12-05,2714.4,2.0796,1
2008-12-03,2656.45,2008-12-08,2784.0,4.7515,1
2008-12-04,2788.0,2008-12-10,2928.25,4.9805,1
2008-12-08,2784.0,2008-12-12,2921.35,4.8835,1
2008-12-10,2928.25,2008-12-15,2981.2,1.7582,1
2008-12-12,2921.35,2008-12-17,2954.35,1.0796,1
2008-12-15,2981.2,2008-12-18,3060.75,2.6184,1
2008-12-16,3041.75,2008-12-19,3077.5,1.1253,1
2008-12-26,2857.25,2008-12-31,2959.15,3.5164,1
2008-12-29,2922.2,2009-01-02,3046.75,4.2122,1
2008-12-30,2979.5,2009-01-05,3121.45,4.7142,1
2009-01-14,2835.3,2009-01-19,2846.2,0.3344,1
2009-01-23,2678.55,2009-01-29,2823.95,5.3783,1
2009-02-06,2843.1,2009-02-11,2925.7,2.8553,1
2009-05-04,3654.0,2009-05-07,3683.9,0.7683,1
2009-06-22,4235.25,2009-06-25,4241.85,0.1058,1
2009-06-23,4247.0,2009-06-26,4375.5,2.9757,1
2009-06-24,4292.95,2009-06-29,4390.95,2.2328,1
2009-07-15,4233.5,2009-07-20,4502.25,6.2982,1
2009-07-22,4398.9,2009-07-27,4572.3,3.8919,1
2009-07-23,4523.75,2009-07-28,4564.1,0.842,1
2009-08-20,4453.45,2009-08-25,4659.35,4.5734,1
2009-08-21,4528.8,2009-08-26,4680.85,3.3074,1
2009-08-24,4642.8,2009-08-27,4688.2,0.9279,1
2009-09-15,4892.1,2009-09-18,4976.05,1.666,1
2009-09-16,4958.4,2009-09-22,5020.2,1.1964,1
2009-09-18,4976.05,2009-09-24,4986.55,0.161,1
2009-10-12,5054.25,2009-10-16,5142.15,1.6891,1
2009-11-09,4898.4,2009-11-12,4952.65,1.0575,1
2009-11-11,5003.95,2009-11-16,5058.05,1.0311,1
2009-11-16,5058.05,2009-11-19,4989.0,-1.4152,0
2009-11-30,5032.7,2009-12-03,5131.7,1.9171,1
2009-12-01,5122.0,2009-12-04,5108.9,-0.3058,0
2009-12-08,5147.95,2009-12-11,5117.3,-0.6454,0
2009-12-23,5144.6,2009-12-30,5169.45,0.433,1
2010-02-09,4792.65,2010-02-15,4801.95,0.144,1
2010-02-26,4922.3,2010-03-04,5080.25,3.1589,1
2010-03-02,5017.0,2010-03-05,5088.7,1.3791,1
2010-03-03,5088.1,2010-03-08,5124.0,0.6556,1
2010-03-16,5198.1,2010-03-19,5262.8,1.1947,1
2010-05-26,4917.4,2010-05-31,5086.3,3.3847,1
2010-05-27,5003.1,2010-06-01,4970.2,-0.7076,0
2010-06-03,5110.5,2010-06-08,4987.1,-2.4646,0
2010-06-07,5034.0,2010-06-10,5078.6,0.836,1
2010-06-10,5078.6,2010-06-15,5222.35,2.7805,1
2010-06-14,5197.7,2010-06-17,5274.85,1.4343,1
2010-06-21,5353.3,2010-06-24,5320.6,-0.6608,0
2010-06-30,5312.5,2010-07-05,5235.9,-1.4919,0
2010-07-08,5296.85,2010-07-13,5400.65,1.9097,1
2010-07-12,5383.0,2010-07-15,5378.75,-0.129,0
2010-08-02,5431.65,2010-08-05,5447.1,0.2344,1
2010-08-30,5415.45,2010-09-02,5486.15,1.2555,1
2010-09-06,5576.95,2010-09-09,5640.05,1.0814,1
2010-09-08,5607.85,2010-09-14,5795.55,3.2971,1
2010-09-09,5640.05,2010-09-15,5860.95,3.8666,1
2010-09-13,5760.0,2010-09-16,5828.7,1.1427,1
2010-09-14,5795.55,2010-09-17,5884.95,1.4926,1
2010-09-20,5980.45,2010-09-23,5959.55,-0.3995,0
2010-09-22,5991.0,2010-09-27,6035.65,0.6953,1
2010-10-01,6143.4,2010-10-06,6186.45,0.6508,1
2010-10-07,6120.3,2010-10-12,6090.9,-0.5304,0
2010-10-18,6075.95,2010-10-21,6101.5,0.3705,1
2010-10-29,6017.7,2010-11-03,6160.5,2.323,1
2010-11-01,6117.55,2010-11-04,6281.8,2.6349,1
2010-12-01,5960.9,2010-12-06,5992.25,0.4759,1
2010-12-10,5857.35,2010-12-15,5892.3,0.5467,1
2010-12-13,5907.65,2010-12-16,5948.75,0.6457,1
2010-12-16,5948.75,2010-12-22,5984.4,0.5493,1
2010-12-20,5947.05,2010-12-23,5980.0,0.5041,1
2010-12-21,6000.65,2010-12-24,6011.6,0.1325,1
2010-12-29,6060.35,2011-01-03,6157.6,1.5547,1
2011-02-11,5310.0,2011-02-16,5481.7,3.1835,1
2011-02-14,5456.0,2011-02-17,5546.45,1.6078,1
2011-02-25,5303.55,2011-03-03,5536.2,4.3367,1
2011-02-28,5333.25,2011-03-04,5538.75,3.8032,1
2011-03-23,5480.25,2011-03-28,5687.25,3.7272,1
2011-03-24,5522.4,2011-03-29,5736.35,3.8242,1
2011-03-29,5736.35,2011-04-01,5826.05,1.5137,1
2011-03-31,5833.75,2011-04-05,5910.05,1.2579,1
2011-04-13,5911.5,2011-04-19,5740.75,-2.9384,0
2011-04-20,5851.65,2011-04-26,5868.4,0.2362,1
2011-05-06,5551.45,2011-05-11,5565.05,0.195,1
2011-05-23,5386.55,2011-05-26,5412.35,0.429,1
2011-05-24,5394.85,2011-05-27,5476.1,1.4561,1
2011-05-26,5412.35,2011-06-01,5592.0,3.2693,1
2011-06-01,5592.0,2011-06-06,5532.05,-1.1221,0
2011-06-03,5516.75,2011-06-08,5526.85,0.1331,1
2011-06-23,5320.0,2011-06-28,5545.3,4.185,1
2011-06-24,5471.25,2011-06-29,5600.45,2.3114,1
2011-06-27,5526.6,2011-06-30,5647.4,2.1358,1
2011-07-07,5728.95,2011-07-12,5526.15,-3.5899,0
2011-07-25,5680.3,2011-07-28,5487.75,-3.4398,0
2011-08-08,5118.5,2011-08-11,5138.3,0.3368,1
2011-08-10,5161.0,2011-08-16,5035.8,-2.4759,0
2011-08-26,4747.8,2011-09-02,5040.0,6.1044,1
2011-08-29,4919.6,2011-09-05,5017.2,1.9339,1
2011-08-30,5001.0,2011-09-06,5064.3,1.2157,1
2011-09-02,5040.0,2011-09-07,5124.65,1.6296,1
2011-09-06,5064.3,2011-09-09,5059.45,-0.1458,0
2011-09-07,5124.65,2011-09-12,4946.8,-3.5205,0
2011-09-14,5012.55,2011-09-19,5031.95,0.337,1
2011-09-15,5075.7,2011-09-20,5140.2,1.2208,1
2011-09-23,4867.75,2011-09-28,4945.9,1.5555,1
2011-09-27,4971.25,2011-09-30,4943.25,-0.6132,0
2011-09-28,4945.9,2011-10-03,4849.5,-1.9991,0
2011-09-29,5015.45,2011-10-04,4772.15,-4.901,0
2011-10-04,4772.15,2011-10-10,4979.6,4.2971,1
2011-10-10,4979.6,2011-10-13,5077.85,1.9231,1
2011-10-12,5099.4,2011-10-17,5118.25,0.3197,1
2011-10-14,5132.3,2011-10-19,5139.15,0.0835,1
2011-10-25,5191.6,2011-11-01,5257.95,1.228,1
2011-11-22,4812.35,2011-11-28,4851.3,0.7594,1
2011-11-23,4706.45,2011-11-29,4805.1,2.0461,1
2011-11-25,4710.05,2011-11-30,4832.05,2.5402,1
2011-11-28,4851.3,2011-12-01,4936.85,1.7134,1
2011-12-01,4936.85,2011-12-07,5062.6,2.4972,1
2011-12-02,5050.15,2011-12-08,4943.65,-2.1588,0
2011-12-21,4693.15,2011-12-27,4750.5,1.172,1
2011-12-27,4750.5,2011-12-30,4624.3,-2.7066,0
2012-01-06,4754.1,2012-01-11,4860.95,2.1975,1
2012-01-10,4849.55,2012-01-13,4866.0,0.2892,1
2012-01-17,4967.3,2012-01-20,5048.6,1.5867,1
2012-01-24,5127.35,2012-01-30,5087.3,-0.8311,0
2012-01-31,5199.25,2012-02-03,5325.85,2.385,1
2012-02-01,5235.7,2012-02-06,5361.65,2.3556,1
2012-02-03,5325.85,2012-02-08,5368.15,0.7442,1
2012-02-08,5368.15,2012-02-13,5390.2,0.3608,1
2012-02-09,5412.35,2012-02-14,5416.05,0.0184,1
2012-02-15,5531.95,2012-02-21,5607.15,1.3094,1
2012-02-27,5281.2,2012-03-01,5339.75,1.0586,1
2012-03-22,5228.45,2012-03-27,5243.15,0.2312,1
2012-03-23,5278.2,2012-03-28,5194.75,-1.631,0
2012-03-30,5295.55,2012-04-04,5322.9,0.4665,1
2012-04-17,5289.7,2012-04-20,5290.85,-0.0283,0
2012-05-17,4870.2,2012-05-23,4835.65,-0.7594,0
2012-05-18,4891.45,2012-05-24,4921.4,0.5623,1
2012-05-24,4921.4,2012-05-29,4990.1,1.3459,1
2012-06-04,4848.15,2012-06-07,5049.65,4.1062,1
2012-06-06,4997.1,2012-06-11,5054.1,1.0907,1
2012-06-07,5049.65,2012-06-12,5115.9,1.262,1
2012-06-08,5068.35,2012-06-13,5121.45,0.9977,1
2012-06-12,5115.9,2012-06-15,5139.05,0.4025,1
2012-06-15,5139.05,2012-06-20,5120.55,-0.41,0
2012-06-27,5141.9,2012-07-02,5278.6,2.6086,1
2012-06-29,5278.9,2012-07-04,5302.55,0.398,1
2012-07-18,5216.3,2012-07-23,5117.95,-1.9354,0
2012-07-27,5099.85,2012-08-01,5240.5,2.7079,1
2012-07-30,5199.8,2012-08-02,5227.75,0.4875,1
2012-08-01,5240.5,2012-08-06,5282.55,0.7524,1
2012-08-06,5282.55,2012-08-09,5322.95,0.7148,1
2012-08-07,5336.7,2012-08-10,5320.4,-0.3554,0
2012-08-17,5366.3,2012-08-23,5415.35,0.864,1
2012-09-12,5431.0,2012-09-17,5610.0,3.2459,1
2012-10-11,5708.05,2012-10-16,5648.0,-1.102,0
2012-10-15,5687.25,2012-10-18,5718.7,0.503,1
2012-10-17,5660.25,2012-10-22,5717.15,0.9553,1
2012-11-02,5697.7,2012-11-07,5760.1,1.0452,1
2012-11-21,5614.8,2012-11-26,5635.9,0.3258,1
2012-11-26,5635.9,2012-11-30,5879.85,4.2785,1
2012-11-27,5727.45,2012-12-03,5870.95,2.4555,1
2012-11-29,5825.0,2012-12-04,5889.25,1.053,1
2012-11-30,5879.85,2012-12-05,5900.5,0.3012,1
2012-12-13,5851.5,2012-12-18,5896.8,0.7242,1
2012-12-14,5879.6,2012-12-19,5929.6,0.8004,1
2013-01-11,5951.3,2013-01-16,6001.85,0.7994,1
2013-03-01,5719.7,2013-03-06,5818.6,1.6791,1
2013-04-10,5558.7,2013-04-15,5568.4,0.1245,1
2013-04-11,5594.0,2013-04-16,5688.95,1.6474,1
2013-04-15,5568.4,2013-04-18,5783.1,3.8057,1
2013-04-16,5688.95,2013-04-22,5834.4,2.5067,1
2013-05-02,5999.35,2013-05-07,6043.55,0.6867,1
2013-05-06,5971.05,2013-05-09,6050.15,1.2747,1
2013-05-10,6094.75,2013-05-15,6146.75,0.8032,1
2013-05-13,5980.45,2013-05-16,6169.9,3.1178,1
2013-05-15,6146.75,2013-05-20,6156.9,0.1151,1
2013-05-27,6083.15,2013-05-30,6124.05,0.6223,1
2013-07-08,5811.55,2013-07-11,5935.1,2.0759,1
2013-07-09,5859.0,2013-07-12,6009.0,2.5102,1
2013-08-06,5542.25,2013-08-12,5612.4,1.2157,1
2013-08-08,5565.65,2013-08-14,5742.3,3.1239,1
2013-08-13,5699.3,2013-08-19,5414.75,-5.0427,0
2013-08-23,5471.75,2013-08-28,5285.0,-3.463,0
2013-08-27,5287.45,2013-08-30,5471.8,3.4366,1
2013-09-02,5550.75,2013-09-05,5592.95,0.7103,1
2013-09-03,5341.45,2013-09-06,5680.4,6.2957,1
2013-09-04,5448.1,2013-09-10,5896.75,8.185,1
2013-09-05,5592.95,2013-09-11,5913.15,5.6751,1
2013-09-06,5680.4,2013-09-12,5850.7,2.948,1
2013-10-01,5780.05,2013-10-07,5906.15,2.1316,1
2013-10-03,5909.7,2013-10-08,5928.4,0.2664,1
2013-10-09,6007.45,2013-10-14,6112.7,1.702,1
2013-10-29,6220.9,2013-11-01,6307.2,1.3373,1
2013-10-30,6251.7,2013-11-05,6253.15,-0.0268,0
2013-11-25,6115.35,2013-11-28,6091.85,-0.4343,0
2013-12-02,6217.85,2013-12-05,6241.1,0.3239,1
2013-12-03,6201.85,2013-12-06,6259.9,0.886,1
2013-12-18,6217.15,2013-12-23,6284.5,1.0333,1
2013-12-20,6274.25,2013-12-26,6278.9,0.0241,1
2014-01-08,6174.6,2014-01-13,6272.75,1.5396,1
2014-01-13,6272.75,2014-01-16,6318.9,0.6857,1
2014-01-31,6089.5,2014-02-05,6022.4,-1.1519,0
2014-02-07,6063.2,2014-02-12,6084.0,0.2931,1
2014-02-19,6152.75,2014-02-24,6186.1,0.492,1
2014-02-25,6200.05,2014-03-03,6221.45,0.2952,1
2014-03-05,6328.65,2014-03-10,6537.25,3.2461,1
2014-03-06,6401.15,2014-03-11,6511.9,1.6802,1
2014-03-07,6526.65,2014-03-12,6516.9,-0.1994,0
2014-03-25,6589.75,2014-03-28,6695.9,1.5608,1
2014-03-31,6704.2,2014-04-03,6736.1,0.4258,1
2014-04-17,6779.4,2014-04-23,6840.8,0.8557,1
2014-04-30,6696.4,2014-05-06,6715.3,0.2322,1
2014-05-09,6858.8,2014-05-14,7108.75,3.5942,1
2014-05-13,7108.75,2014-05-16,7203.0,1.2758,1
2014-05-16,7203.0,2014-05-21,7252.9,0.6428,1
2014-05-20,7275.5,2014-05-23,7367.1,1.209,1
2014-05-28,7329.65,2014-06-02,7362.5,0.3982,1
2014-05-30,7229.95,2014-06-04,7402.25,2.3331,1
2014-06-02,7362.5,2014-06-05,7474.1,1.4658,1
2014-06-05,7474.1,2014-06-10,7656.4,2.3891,1
2014-06-17,7631.7,2014-06-20,7511.45,-1.6257,0
2014-06-27,7508.8,2014-07-02,7725.15,2.8313,1
2014-06-30,7611.35,2014-07-03,7714.8,1.3092,1
2014-07-01,7634.7,2014-07-04,7751.6,1.4812,1
2014-07-02,7725.15,2014-07-07,7787.15,0.7526,1
2014-07-17,7640.45,2014-07-22,7767.85,1.6174,1
2014-07-22,7767.85,2014-07-25,7790.45,0.2409,1
2014-08-11,7625.95,2014-08-14,7791.7,2.1235,1
2014-08-12,7727.05,2014-08-18,7874.25,1.855,1
2014-08-13,7739.55,2014-08-19,7897.5,1.9908,1
2014-08-14,7791.7,2014-08-20,7875.3,1.0229,1
2014-08-18,7874.25,2014-08-21,7891.1,0.164,1
2014-08-19,7897.5,2014-08-22,7913.2,0.1488,1
2014-08-21,7891.1,2014-08-26,7904.75,0.123,1
2014-08-26,7904.75,2014-09-01,8027.7,1.5054,1
2014-08-27,7936.05,2014-09-02,8083.05,1.8023,1
2014-08-28,7954.35,2014-09-03,8114.6,1.9646,1
2014-09-01,8027.7,2014-09-04,8095.95,0.8002,1
2014-09-18,8114.75,2014-09-23,8017.55,-1.2478,0
2014-09-25,7911.85,2014-09-30,7964.8,0.6192,1
2014-09-26,7968.85,2014-10-01,7945.55,-0.3424,0
2014-10-20,7879.4,2014-10-27,7991.7,1.3752,1
2014-10-21,7927.75,2014-10-28,8027.6,1.2095,1
2014-10-22,7995.9,2014-10-29,8090.45,1.1325,1
2014-10-28,8027.6,2014-10-31,8322.2,3.6198,1
2014-10-29,8090.45,2014-11-03,8324.15,2.8386,1
2014-10-31,8322.2,2014-11-07,8337.0,0.1278,1
2014-11-03,8324.15,2014-11-10,8344.25,0.1915,1
2014-11-05,8338.3,2014-11-11,8362.65,0.242,1
2014-11-10,8344.25,2014-11-13,8357.85,0.113,1
2014-11-12,8383.3,2014-11-17,8430.75,0.516,1
2014-11-20,8401.9,2014-11-25,8463.1,0.6784,1
2014-11-21,8477.35,2014-11-26,8475.75,-0.0689,0
2014-11-26,8475.75,2014-12-01,8555.9,0.8956,1
2014-11-27,8494.2,2014-12-02,8524.7,0.3091,1
2014-12-16,8067.6,2014-12-19,8225.2,1.9035,1
2014-12-17,8029.8,2014-12-22,8324.0,3.6139,1
2014-12-18,8159.3,2014-12-23,8267.0,1.27,1
2014-12-22,8324.0,2014-12-26,8200.7,-1.5313,0
2014-12-24,8174.1,2014-12-30,8248.25,0.8571,1
2014-12-26,8200.7,2014-12-31,8282.7,0.9499,1
2014-12-29,8246.3,2015-01-02,8395.45,1.7587,1
2015-01-12,8323.0,2015-01-15,8494.15,2.0063,1
2015-01-15,8494.15,2015-01-20,8695.6,2.3216,1
2015-01-20,8695.6,2015-01-23,8835.6,1.56,1
2015-01-21,8729.5,2015-01-27,8910.5,2.0234,1
2015-02-12,8711.55,2015-02-18,8869.1,1.7585,1
2015-02-13,8805.5,2015-02-19,8895.3,0.9698,1
2015-02-25,8767.25,2015-03-02,8956.75,2.1115,1
2015-02-27,8844.6,2015-03-04,8922.65,0.8325,1
2015-04-01,8586.25,2015-04-08,8714.4,1.4425,1
2015-05-13,8235.45,2015-05-18,8373.65,1.6281,1
2015-06-12,7982.9,2015-06-17,8091.55,1.311,1
2015-06-16,8047.3,2015-06-19,8224.95,2.1576,1
2015-06-17,8091.55,2015-06-22,8353.1,3.1824,1
2015-06-18,8174.6,2015-06-23,8381.55,2.4816,1
2015-08-14,8518.55,2015-08-19,8495.15,-0.3247,0
2015-08-25,7880.7,2015-08-28,8001.95,1.4886,1
2015-08-28,8001.95,2015-09-02,7717.0,-3.611,0
2015-09-08,7688.25,2015-09-11,7789.3,1.2643,1
2015-09-09,7818.6,2015-09-14,7872.25,0.6362,1
2015-09-14,7872.25,2015-09-18,7981.9,1.3429,1
2015-09-29,7843.3,2015-10-05,8119.3,3.4689,1
2015-10-05,8119.3,2015-10-08,8129.35,0.0738,1
2015-10-12,8143.6,2015-10-15,8179.5,0.3908,1
2015-10-13,8131.7,2015-10-16,8238.15,1.2591,1
2015-10-15,8179.5,2015-10-20,8261.65,0.9543,1
2015-11-10,7783.35,2015-11-17,7837.55,0.6464,1
2015-11-16,7806.6,2015-11-19,7842.75,0.4131,1
2015-12-10,7683.3,2015-12-15,7700.9,0.1791,1
2015-12-11,7610.45,2015-12-16,7750.9,1.7955,1
2015-12-14,7650.05,2015-12-17,7844.35,2.4899,1
2015-12-15,7700.9,2015-12-18,7761.95,0.7428,1
2015-12-16,7750.9,2015-12-21,7834.45,1.0279,1
2015-12-17,7844.35,2015-12-22,7786.1,-0.7926,0
2015-12-21,7834.45,2015-12-24,7861.05,0.2895,1
2016-02-15,7162.95,2016-02-18,7191.75,0.3521,1
2016-03-03,7475.6,2016-03-09,7531.8,0.7018,1
2016-03-09,7531.8,2016-03-14,7538.75,0.0423,1
2016-03-30,7735.2,2016-04-04,7758.8,0.2551,1
2016-04-08,7555.2,2016-04-13,7850.45,3.8579,1
2016-04-11,7671.4,2016-04-18,7914.7,3.1215,1
2016-04-26,7962.65,2016-04-29,7849.8,-1.4672,0
2016-05-09,7866.05,2016-05-12,7900.4,0.3867,1
2016-05-24,7748.85,2016-05-27,8156.65,5.2127,1
2016-05-25,7934.9,2016-05-30,8178.5,3.02,1
2016-05-26,8069.65,2016-05-31,8160.1,1.0709,1
2016-05-27,8156.65,2016-06-01,8179.95,0.2357,1
2016-06-01,8179.95,2016-06-06,8201.05,0.2079,1
2016-06-02,8218.95,2016-06-07,8266.45,0.5279,1
2016-06-20,8238.5,2016-06-23,8270.45,0.3378,1
2016-06-27,8094.7,2016-06-30,8287.75,2.3349,1
2016-06-28,8127.85,2016-07-01,8328.35,2.4168,1
2016-06-29,8204.0,2016-07-04,8370.7,1.9819,1
2016-06-30,8287.75,2016-07-05,8335.95,0.5316,1
2016-07-01,8328.35,2016-07-07,8337.9,0.0647,1
2016-07-05,8335.95,2016-07-11,8467.9,1.5329,1
2016-07-07,8337.9,2016-07-12,8521.05,2.1466,1
2016-07-11,8467.9,2016-07-14,8565.0,1.0967,1
2016-07-25,8635.65,2016-07-28,8666.3,0.3049,1
2016-07-28,8666.3,2016-08-02,8622.9,-0.5508,0
2016-09-02,8809.65,2016-09-08,8952.5,1.5715,1
2016-09-30,8611.15,2016-10-05,8743.95,1.4922,1
2016-10-18,8677.9,2016-10-21,8693.05,0.1246,1
2016-11-21,7929.1,2016-11-24,7965.5,0.4091,1
2016-11-22,8002.3,2016-11-25,8114.3,1.3496,1
2016-11-25,8114.3,2016-11-30,8224.5,1.3081,1
2016-11-29,8142.15,2016-12-02,8086.8,-0.7298,0
2016-11-30,8224.5,2016-12-05,8128.75,-1.2142,0
2016-12-05,8128.75,2016-12-08,8246.85,1.4029,1
2016-12-06,8143.15,2016-12-09,8261.75,1.4064,1
2016-12-08,8246.85,2016-12-13,8221.8,-0.3538,0
2016-12-27,8032.85,2016-12-30,8185.8,1.8541,1
2016-12-29,8103.6,2017-01-03,8192.25,1.044,1
2016-12-30,8185.8,2017-01-04,8190.5,0.0074,1
2017-01-03,8192.25,2017-01-06,8243.8,0.5793,1
2017-01-19,8435.1,2017-01-24,8475.8,0.4325,1
2017-01-23,8391.5,2017-01-27,8641.25,2.9262,1
2017-01-24,8475.8,2017-01-30,8632.75,1.8017,1
2017-01-27,8641.25,2017-02-01,8716.4,0.8197,1
2017-02-01,8716.4,2017-02-06,8801.05,0.9212,1
2017-02-03,8740.95,2017-02-08,8769.05,0.2715,1
2017-02-16,8778.0,2017-02-21,8907.85,1.4293,1
2017-02-17,8821.7,2017-02-22,8926.9,1.1425,1
2017-03-24,9108.0,2017-03-29,9143.8,0.3431,1
2017-03-28,9100.8,2017-03-31,9173.75,0.7516,1
2017-03-29,9143.8,2017-04-03,9237.85,0.9786,1
2017-04-24,9217.95,2017-04-27,9342.15,1.2974,1
2017-05-10,9407.3,2017-05-15,9445.4,0.355,1
2017-05-22,9438.25,2017-05-25,9509.75,0.7076,1
2017-05-25,9509.75,2017-05-30,9624.55,1.1572,1
2017-05-26,9595.1,2017-05-31,9621.25,0.2225,1
2017-06-02,9653.5,2017-06-07,9663.9,0.0577,1
2017-07-03,9615.0,2017-07-06,9674.55,0.5693,1
2017-07-19,9899.6,2017-07-24,9966.4,0.6248,1
2017-07-24,9966.4,2017-07-27,10020.55,0.4933,1
2017-08-21,9754.35,2017-08-24,9857.05,1.0029,1
2017-08-22,9765.55,2017-08-28,9912.8,1.4579,1
2017-08-30,9884.4,2017-09-04,9912.85,0.2378,1
2017-09-08,9934.8,2017-09-13,10079.3,1.4045,1
2017-10-24,10207.7,2017-10-27,10323.05,1.08,1
2017-11-01,10440.5,2017-11-06,10451.8,0.0582,1
2017-11-16,10214.75,2017-11-21,10326.9,1.0479,1
2017-11-21,10326.9,2017-11-24,10389.7,0.5581,1
2017-12-07,10166.7,2017-12-12,10240.15,0.6725,1
2017-12-08,10265.65,2017-12-13,10192.95,-0.7582,0
2017-12-18,10388.75,2017-12-21,10440.3,0.4462,1
2017-12-19,10463.2,2017-12-22,10493.0,0.2348,1
2018-01-12,10681.25,2018-01-17,10788.55,0.9546,1
2018-01-22,10966.2,2018-01-25,11069.65,0.8934,1
2018-03-12,10421.4,2018-03-15,10360.15,-0.6377,0
2018-03-26,10130.65,2018-04-02,10211.8,0.751,1
2018-04-06,10331.6,2018-04-11,10417.15,0.778,1
2018-05-07,10715.5,2018-05-10,10716.55,-0.0402,0
2018-05-09,10741.7,2018-05-14,10806.6,0.5542,1
2018-06-06,10684.65,2018-06-11,10786.95,0.9074,1
2018-06-29,10714.3,2018-07-04,10769.9,0.4689,1
2018-07-04,10769.9,2018-07-09,10852.9,0.7207,1
2018-07-06,10772.65,2018-07-11,10948.3,1.5805,1
2018-07-27,11278.35,2018-08-01,11346.2,0.5516,1
2018-08-03,11360.8,2018-08-08,11450.0,0.7352,1
2018-09-25,11067.45,2018-09-28,10930.45,-1.2879,0
2018-10-10,10460.1,2018-10-15,10512.5,0.451,1
2018-10-24,10224.75,2018-10-29,10250.85,0.2053,1
2018-10-29,10250.85,2018-11-01,10380.45,1.2143,1
2018-10-31,10386.6,2018-11-05,10524.0,1.2729,1
2018-11-02,10553.0,2018-11-07,10598.4,0.3802,1
2018-11-13,10582.5,2018-11-16,10682.2,0.8921,1
2018-11-26,10628.6,2018-11-29,10858.7,2.1149,1
2018-11-28,10728.85,2018-12-03,10883.75,1.3938,1
2018-11-29,10858.7,2018-12-04,10869.5,0.0495,1
2018-12-07,10693.7,2018-12-12,10737.6,0.3605,1
2018-12-11,10549.15,2018-12-14,10805.45,2.3796,1
2018-12-12,10737.6,2018-12-17,10888.35,1.3539,1
2018-12-21,10754.0,2018-12-27,10779.8,0.1899,1
2018-12-26,10729.85,2018-12-31,10862.55,1.1867,1
2019-01-04,10727.35,2019-01-09,10855.15,1.1413,1
2019-01-15,10886.8,2019-01-18,10906.95,0.1351,1
2019-01-31,10830.95,2019-02-05,10934.35,0.9047,1
2019-02-01,10893.65,2019-02-06,11062.45,1.4995,1
2019-02-04,10912.25,2019-02-07,11069.4,1.3901,1
2019-02-05,10934.35,2019-02-08,10943.6,0.0346,1
2019-02-15,10724.4,2019-02-20,10735.45,0.053,1
2019-02-20,10735.45,2019-02-25,10880.1,1.2974,1
2019-03-05,10987.45,2019-03-08,11035.4,0.3864,1
2019-03-06,11053.0,2019-03-11,11168.05,0.9909,1
2019-03-07,11058.2,2019-03-12,11301.2,2.1475,1
2019-05-14,11222.05,2019-05-17,11407.15,1.5994,1
2019-05-17,11407.15,2019-05-22,11737.9,2.8495,1
2019-05-22,11737.9,2019-05-27,11924.75,1.5419,1
2019-05-24,11844.1,2019-05-29,11861.1,0.0935,1
2019-05-30,11945.9,2019-06-04,12021.65,0.5841,1
2019-06-03,12088.55,2019-06-07,11870.65,-1.8525,0
2019-06-07,11870.65,2019-06-12,11906.2,0.2495,1
2019-06-18,11691.5,2019-06-21,11724.1,0.2288,1
2019-06-20,11831.75,2019-06-25,11796.45,-0.3483,0
2019-06-26,11847.55,2019-07-01,11865.6,0.1024,1
2019-08-08,11032.45,2019-08-14,11029.4,-0.0776,0
2019-08-23,10829.35,2019-08-28,11046.1,1.9515,1
2019-08-30,11023.25,2019-09-05,10847.9,-1.6407,0
2019-09-03,10797.9,2019-09-06,10946.2,1.3234,1
2019-09-17,10817.6,2019-09-20,11274.2,4.1709,1
2019-09-20,11274.2,2019-09-25,11440.2,1.4224,1
2019-10-09,11313.3,2019-10-14,11341.15,0.1962,1
2019-10-11,11305.05,2019-10-16,11464.0,1.356,1
2019-10-15,11428.3,2019-10-18,11661.85,1.9936,1
2019-10-17,11586.35,2019-10-23,11604.1,0.1032,1
2019-10-29,11786.85,2019-11-01,11890.6,0.8302,1
2019-10-30,11844.1,2019-11-04,11941.3,0.7707,1
2019-10-31,11877.45,2019-11-05,11917.2,0.2847,1
2019-11-01,11890.6,2019-11-06,11966.05,0.5845,1
2019-11-14,11872.1,2019-11-19,11940.1,0.5228,1
2019-11-15,11895.45,2019-11-20,11999.1,0.8213,1
2019-11-25,12073.75,2019-11-28,12151.15,0.5911,1
2019-11-26,12037.7,2019-11-29,12056.05,0.1024,1
2019-12-11,11910.15,2019-12-16,12053.95,1.1574,1
2019-12-12,11971.8,2019-12-17,12165.0,1.5638,1
2019-12-13,12086.7,2019-12-18,12221.65,1.0665,1
2019-12-17,12165.0,2019-12-20,12271.8,0.8279,1
2020-01-06,11993.05,2020-01-09,12215.9,1.8082,1
2020-01-07,12052.95,2020-01-10,12256.8,1.6413,1
2020-01-09,12215.9,2020-01-14,12362.3,1.1484,1
2020-02-04,11979.65,2020-02-07,12098.35,0.9408,1
2020-03-23,7610.25,2020-03-26,8641.45,13.5001,1
2020-03-24,7801.05,2020-03-27,8660.25,10.9639,1
2020-03-31,8597.75,2020-04-07,8792.2,2.2116,1
2020-04-07,8792.2,2020-04-13,8993.85,2.2435,1
2020-04-22,9187.3,2020-04-27,9282.3,0.984,1
2020-05-22,9039.25,2020-05-28,9490.1,4.9377,1
2020-05-29,9580.3,2020-06-03,10061.55,4.9733,1
2020-06-01,9826.15,2020-06-04,10029.1,2.0154,1
2020-06-16,9914.0,2020-06-19,10244.4,3.2827,1
2020-06-18,10091.65,2020-06-23,10471.0,3.709,1
2020-07-14,10607.35,2020-07-17,10901.7,2.725,1
2020-07-15,10618.2,2020-07-20,11022.2,3.7548,1
2020-07-16,10739.95,2020-07-21,11162.25,3.882,1
2020-07-17,10901.7,2020-07-22,11132.6,2.068,1
2020-07-20,11022.2,2020-07-23,11215.45,1.7033,1
2020-07-21,11162.25,2020-07-24,11194.15,0.2358,1
2020-07-28,11300.55,2020-07-31,11073.45,-2.0596,0
2020-08-03,10891.6,2020-08-06,11200.15,2.7829,1
2020-08-05,11101.65,2020-08-10,11270.15,1.4678,1
2020-08-10,11270.15,2020-08-13,11300.45,0.2189,1
2020-08-14,11178.4,2020-08-19,11408.4,2.0075,1
2020-08-19,11408.4,2020-08-24,11466.45,0.4588,1
2020-09-10,11449.25,2020-09-15,11521.8,0.5837,1
2020-09-25,11050.25,2020-09-30,11247.55,1.7355,1
2020-10-05,11503.35,2020-10-08,11834.6,2.8296,1
2020-10-06,11662.4,2020-10-09,11914.2,2.1091,1
2020-10-07,11738.85,2020-10-12,11930.95,1.5864,1
2020-10-08,11834.6,2020-10-13,11934.5,0.7941,1
2020-10-14,11971.05,2020-10-19,11873.05,-0.8686,0
2020-10-15,11680.35,2020-10-20,11896.8,1.8031,1
2020-10-16,11762.45,2020-10-21,11937.65,1.4395,1
2020-10-27,11889.4,2020-10-30,11642.4,-2.1275,0
2020-11-02,11669.15,2020-11-05,12120.3,3.8162,1
2020-11-03,11813.5,2020-11-06,12263.55,3.7596,1
2020-11-04,11908.5,2020-11-09,12461.05,4.59,1
2020-11-05,12120.3,2020-11-10,12631.1,4.1644,1
2020-11-06,12263.55,2020-11-11,12749.15,3.9097,1
2020-11-09,12461.05,2020-11-12,12690.8,1.7937,1
2020-11-10,12631.1,2020-11-13,12719.95,0.6534,1
2020-11-11,12749.15,2020-11-17,12874.2,0.9308,1
2020-12-04,13258.55,2020-12-09,13529.1,1.9906,1
2020-12-09,13529.1,2020-12-14,13558.15,0.1647,1
2020-12-14,13558.15,2020-12-17,13740.7,1.2964,1
2020-12-21,13328.4,2020-12-24,13749.25,3.1075,1
2020-12-22,13466.3,2020-12-28,13873.2,2.9716,1
2021-02-01,14281.2,2021-02-04,14895.65,4.2525,1
2021-02-02,14647.85,2021-02-05,14924.25,1.837,1
2021-02-03,14789.95,2021-02-08,15115.8,2.1532,1
2021-02-11,15173.3,2021-02-16,15313.45,0.8737,1
2021-08-09,16258.25,2021-08-12,16364.4,0.6029,1
2021-10-06,17646.0,2021-10-11,17945.95,1.6498,1
2021-10-07,17790.35,2021-10-12,17991.95,1.0832,1
2021-12-07,17176.7,2021-12-10,17511.3,1.898,1
2021-12-21,16770.85,2021-12-24,17003.75,1.3387,1
2022-01-03,17625.7,2022-01-06,17745.9,0.632,1
2022-04-01,17670.45,2022-04-06,17807.65,0.7264,1
2022-05-17,16259.3,2022-05-20,16266.15,-0.0079,0
2022-05-26,16170.15,2022-05-31,16584.55,2.5127,1
2022-05-27,16352.45,2022-06-01,16522.75,0.9914,1
2022-05-30,16661.4,2022-06-02,16628.0,-0.2505,0
2022-06-21,15638.8,2022-06-24,15699.25,0.3365,1
2022-06-23,15556.65,2022-06-28,15850.2,1.837,1
2022-06-24,15699.25,2022-06-29,15799.1,0.586,1
2022-07-01,15752.05,2022-07-06,15989.8,1.4593,1
2022-07-06,15989.8,2022-07-11,16216.0,1.3647,1
2022-07-18,16278.5,2022-07-21,16605.25,1.9572,1
2022-07-19,16340.55,2022-07-22,16719.45,2.2688,1
2022-07-20,16520.85,2022-07-25,16631.0,0.6167,1
2022-07-27,16641.8,2022-08-01,17340.05,4.1458,1
2022-07-28,16929.6,2022-08-02,17345.45,2.4063,1
2022-07-29,17158.25,2022-08-03,17388.15,1.2899,1
2022-08-03,17388.15,2022-08-08,17525.1,0.7376,1
2022-08-08,17525.1,2022-08-12,17698.15,0.9374,1
2022-08-23,17577.5,2022-08-26,17558.9,-0.1558,0
2022-08-30,17759.3,2022-09-05,17665.8,-0.5765,0
2022-09-30,17094.35,2022-10-06,17331.8,1.3391,1
2022-10-14,17185.7,2022-10-19,17512.25,1.8501,1
2022-10-18,17486.95,2022-10-21,17576.3,0.461,1
2022-11-11,18349.7,2022-11-16,18409.65,0.2767,1
2022-11-24,18484.1,2022-11-29,18618.05,0.6747,1
2022-12-23,17806.8,2022-12-28,18122.5,1.7229,1
2022-12-26,18014.6,2022-12-29,18191.0,0.9292,1
2023-02-03,17854.05,2023-02-08,17871.7,0.0489,1
2023-04-24,17743.4,2023-04-27,17915.05,0.9174,1
2023-05-04,18255.8,2023-05-09,18265.95,0.0056,1
2023-05-08,18264.4,2023-05-11,18297.0,0.1285,1
2023-05-26,18499.35,2023-05-31,18534.4,0.1395,1
2023-06-07,18726.4,2023-06-12,18601.5,-0.717,0
2023-06-30,19189.05,2023-07-05,19398.5,1.0415,1
2023-07-10,19355.9,2023-07-13,19413.75,0.2489,1
2023-07-11,19439.4,2023-07-14,19564.5,0.5935,1
2023-07-17,19711.45,2023-07-20,19979.15,1.3081,1
2023-07-18,19749.25,2023-07-21,19745.0,-0.0715,0
2023-08-23,19444.0,2023-08-28,19306.05,-0.7595,0
2023-09-01,19435.3,2023-09-06,19611.05,0.8543,1
2023-11-06,19411.75,2023-11-09,19395.3,-0.1347,0
2023-11-15,19675.45,2023-11-20,19694.0,0.0443,1
2023-12-21,21255.05,2023-12-27,21654.75,1.8305,1
2023-12-27,21654.75,2024-01-01,21741.9,0.3525,1
2023-12-28,21778.7,2024-01-02,21665.8,-0.5684,0
2024-01-24,21453.95,2024-01-30,21522.1,0.2677,1
2024-01-29,21737.6,2024-02-01,21697.45,-0.2347,0
2024-02-02,21853.8,2024-02-07,21930.5,0.301,1
2024-02-06,21929.4,2024-02-09,21782.5,-0.7199,0
2024-02-14,21840.05,2024-02-19,22122.25,1.2421,1
2024-04-08,22666.3,2024-04-12,22519.4,-0.6981,0
2024-04-25,22570.35,2024-04-30,22604.85,0.1029,1
2024-04-29,22643.4,2024-05-03,22475.85,-0.79,0
2024-05-16,22403.85,2024-05-22,22597.8,0.8157,1
2024-05-23,22967.65,2024-05-28,22888.15,-0.3961,0
2024-06-04,21884.5,2024-06-07,23290.15,6.373,1
2024-06-07,23290.15,2024-06-12,23322.95,0.0908,1
2024-07-26,24834.85,2024-07-31,24951.15,0.4183,1
2024-08-05,24055.6,2024-08-08,24117.0,0.2052,1
2024-08-16,24541.15,2024-08-21,24770.2,0.8833,1
2024-09-12,25388.9,2024-09-17,25418.55,0.0668,1
2024-09-20,25790.95,2024-09-25,26004.15,0.7766,1
2024-10-03,25250.1,2024-10-08,25013.15,-0.9884,0
2024-10-28,24339.15,2024-10-31,24205.35,-0.5997,0
2024-11-05,24213.3,2024-11-08,24148.2,-0.3189,0
2024-11-22,23907.25,2024-11-27,24274.9,1.4878,1
2024-11-25,24221.9,2024-11-28,23914.15,-1.3205,0
2024-12-02,24276.05,2024-12-05,24708.4,1.731,1
2024-12-03,24457.15,2024-12-06,24677.8,0.8522,1
2024-12-05,24708.4,2024-12-10,24610.05,-0.448,0
2024-12-13,24768.3,2024-12-18,24198.85,-2.3491,0
2024-12-20,23587.5,2024-12-26,23750.2,0.6398,1
2025-01-02,24188.65,2025-01-07,23707.9,-2.0375,0
2025-02-04,23739.25,2025-02-07,23559.95,-0.8053,0
2025-02-11,23071.8,2025-02-14,22929.25,-0.6679,0
2025-03-20,23190.65,2025-03-25,23668.65,2.0112,1
2025-04-08,22535.85,2025-04-15,23328.55,3.4675,1
2025-04-17,23851.65,2025-04-23,24328.95,1.9511,1
2025-05-02,24346.7,2025-05-07,24414.4,0.2281,1
2025-05-15,25062.1,2025-05-20,24683.9,-1.5591,0
2025-06-06,25003.05,2025-06-11,25141.4,0.5033,1
2025-06-16,24946.5,2025-06-19,24793.25,-0.6643,0
2025-06-26,25549.0,2025-07-01,25541.8,-0.0782,0
2025-06-27,25637.8,2025-07-02,25453.4,-0.7693,0
2025-07-16,25212.05,2025-07-21,25090.7,-0.5313,0
2025-08-11,24585.05,2025-08-14,24631.3,0.1381,1
2025-10-16,25585.3,2025-10-21,25868.6,1.0573,1
2025-10-21,25868.6,2025-10-27,25966.05,0.3267,1
2026-02-03,25727.55,2026-02-06,25693.7,-0.1816,0
2026-03-09,24028.05,2026-03-12,23639.15,-1.6685,0
2026-03-30,22331.4,2026-04-06,22968.25,2.8018,1
2026-04-01,22679.4,2026-04-07,23123.65,1.9088,1
2026-04-02,22713.1,2026-04-08,23997.35,5.6042,1
2026-04-06,22968.25,2026-04-09,23775.1,3.4629,1
2026-04-07,23123.65,2026-04-10,24050.6,3.9587,1
2026-05-06,24330.95,2026-05-11,23815.85,-2.1671,0
2026-05-12,23379.55,2026-05-15,23643.5,1.079,1
2026-05-13,23412.6,2026-05-18,23649.95,0.9638,1
2026-05-14,23689.6,2026-05-19,23618.0,-0.3522,0
